"Blocking Key Value","Frequency"
"PHSTON,DYWAGU,BU,DO,HO,KI,MI,WA,THSI3:,PIHAOF,DAGIKO,DRQUMO,TAOFTH,NFBL20,LEOFKA,THINHU,MIARTR,DEMACR,DOKOCO,REEVRE,ROBATR,BABABR","100"
"SH","90"
"HOSHGO,GHTHVI,BE10AL,BR,WAOFTH,EX,FA,MY,PI,NAULNI,SC,WO,HAFAGA,AGOFEM,LEOFWR,WHWATO,TOHAUN,ASCRII,MANF07,LEMASU,WIPO7,TVANID,STWAEP,FI14,ALINTH,HOTOTR,MA&SO,INSUSO,DETORI,HINONA,20FIWO","81"
"ALANTH,FIFAII,MLSL20,G-,IN,NI,RE,TI,STFIAL,MVBA20,RARARA,CALOOF,SUHANO,CAOFJU,LEJUWO,2GAIN,LILEWO,DASOII,THLEMO,LEBA3:,J-PRSO,ARYOSM,HISCMU,FISO13,DAII,MANF08,PRYAFA,PAANTH,FI15,COHO2K,LETHHO,MAVSCA,UEEU20,NATH20,THIDGR,ANBIST,ROBA,ONPIUN,TRREOF,RUWOCU","64"
"SWARON","63"
"SIMECI","56"
"DI2","54"
"ST?SK,SCUN,WOOFWA,SP3,SESTEL,SHSAMU,NF2K,KAREPR,CA2,TORADR,DIIN,SUUP,DYWA8:,YUYUHA,BI,WADO,KA,NA,TORAUN,SO,UP,VE,DRAGOR,WH,TORALE,KNKI20,KARIBA,OVTHHE,BLCOSH,SOTHHE,SPTROR,KINOCO,GUHEII,WAOFFO,THHICH,FIWOCU,TOHAAM,X-ORWO,SKTRTE,LEBA2:,LEPIOF,TOANJE,SKSU,PDWOCH,FISO10,FISO11,FISO09,FISO08,TOCLHA,LEMAAV,ARMESA,MANF09,MANF06,LEBATH,HAMOTH,NFGA20,STWAJE,FI12,DAMIFR,BROFFI,SHWHSN,LETHLO,CAOUAD,ROBACO,AROFTW,DASURO,TOMEGI,CARA,PA2,THSI2,NBJA,MOKODE,YODOKN,HINOKA,SKSWFO,MIJATH,GAOFTH,MAPA,SPWEOF,WAOR3","49"
"GEOFWA","42"
"FRTVAN,THURSI,SP2,DYWA6,TEDRUN,RALE,DIII,SOU.NA,RAOR,POMYDU,BE10GA,THHO,BE10UL,BARIOF,X-THOF,MOVSAL,BE,BAHOAD,GA,GL,HA,ICAG2:,LE,ME,DIKIPO,OV,JU2:HO,SA,SY,TH,TO,ICAGDA,GUGEXX,MAHOPR,PRLAAN,LOOFTH,WIELPR,NFQUCL,FA4,THHOOF,BRPRBO,SUROWA,DRQUHE,SUMABR,BLCHPH,THSIGA,DRQUVI,SNGHWA,CHE.CH,WW'1,NBSH20,WWALST,G.JOTH,WOTOSO,THPRIS,RULELI,LEOFTH,SO&AL,NCFIFO,THINRI,MAANAS,CODEST,AVTHGA,OPSE,DIIN2.,REDERE,BIMUTR,ASCRIV,DEDEGO,FISO07,PEJAKI,ML20,GODIGO,DEALHU,MANF13,J-WIEL,NHHI20,BAGADA,TRRIOF,TRDE,WHOFFO,IRMA,RE2RU,KETOMA,BAAROR,MAES2,BLHETH,EASPAC,SPFROR,MA&LU,TUSUST,DICHLI,VIFICG,BONONA,00QUOF,THGOCO,THBI2,CAVSSN,THSI3,REEV4,ONPIPI,ADTIFI,THGOOF,NBLI06,RAPRBA,BAHE,REOFAG","36"
"SUROTA","1225"
"ROLE","35"
"MEGESO","1188"
"ZO,WIPO8","30"
"MOSUGU","1089"
"MELALI,CLWIA,BO2,INJOAN,TOST3:,TH(2,KA&LY,A.ANCE,SESUTE,TORAAN,FIFAVI,TO2,CROFTH,THBI,CR2,LIBAEX,FIFACR,GEREAG,BATOTH,TORA(2,AL,AM,THPEOF,EV,TRPL20,FI,FU,THEVWI,TOXTRA,JE,EDEDN,DRAGIN,PH,NAMUVO,DRTOLI,TR,ULSP,YO,PHANFE,DRCCL,RU15,SIDSSE,PE20PR,FAFORI,MOJAPA,SHTHTH,WI2,CAMACH,COKINE,TRDAOF,SHHOCR,FIOFTH,JUDADI,SI20,SHSU,TAANTH,GUHELI,SHJUON,KARE,CAAMSU,TAOFPH,GUHEWO,TAOFDE,LEDI,GRLARI,PHWRAC,BUTHVA,ATOFFU,SKSPAD,MINI,MISTMO,NACLOF,SKGI,COOFHE,FIST2,SBSUWO,UTNOPR,DIDODU,DIIN3.,SLDO,PRYATE,ATQUPO,FISO06,CRMIOV,WA&GR,INGOAM,BLDR,MANF11,MANF10,NBINTH,MANERI,IRMA2,TANOYU,SPEDOF,SAWA2:,HAMODS,MISHOF,FI16,FI17,BAASTH,MUSOSU,TREV,XGEXG,THPOGI,DRSUST,WA40DA,FIST,GA&WA,BLTHLE,NCGA20,NCFO09,JIMIFI,BAARTO,SPCH,PAWO3,GARA20,TRWAFO,MAVSDO,DEORNO,NOAMSP,MOJA,JEMACR,ALIS,MOKO,DURE,MORA,MICL3:,RO20,TRTHGA,MLPOPR,REEV6,NAMU50,THSM2,SEADPA,JEMCSU,JAWI20,CANOAM,THOFTH,BABACO,MEMAZE,SAROIV,BLANSQ,DU&DR,NOMOHE,NBLI09,NBLI08,PACHTA,JOBIAD,TOCLEN,BABA,ATONTI,FACR4,ARTHLA,ZOOFTH,BAHA,HAFETW,SAGOSH,THWOAM,WOTHNE,MATE,BA4,SUSMBR","25"
"TEMUNI","992"
"DRBAXE","24"
"LESTWA","961"
"RIOFTH,WR5:FI,SU,REEV5","20"
"WWSMVS,TOHAPR","900"
"TI2,MAII","18"
"THLOOF","841"
"MEOFHO,SHMETE","784"
"F120","729"
"BA","702"
"NEFOSP","6724"
"JIPOPR","4356"
"CAOFDU","4030"
"THLEOF","3600"
"NB2K","3422"
"TIWOPG","2916"
"PREVSO","2756"
"HAPOAN","2304"
"DRBAZ:,MALEBA","1936"
"THKIOF","1444"
"BE3,PE4:AR,CRBATH,TATHGR,SEBASA,PL51,SS3,DYWA5,FOMAHA,NASHGE,KAREGL,PUPOFE,SHOFTH,DIDU,FIFATA,SERARE,GARA,TETATO,DIRA,DIPL,THCR,FIFAIV,DRBAZ,FUSPWA,BE10PR,TOLOTR,THSI,THVO,DJHE,AS,CL,IHDRRA,MYFICO,DIEXSK,SPTHMO,GE,HE,IC,SUATTH,NH07,NH09,NH15,LI,NC,OK,PR,PU,HAPOQU,TM,VI,DONONO,YA,SHFOAF,TORAII,GUGEXR,SCANTH,WRFIWO,MOJAUR,STFIII,MOTOOU,GOEAOF,FAFO,SHEVKO,DETHTA,CRTATE,NEPLCO,NESUMA,JUDAKI,FORA3,ZAHONI,SHMA,BILESP,MIFLSI,FUNODU,WOSOMA,SHTA,BEMOGA,PUQUCH,GUHEME,VAHE,SPSQBA,THSIRO,KANOYO,SASHAN,X2WORE,MAPA3,HA2,DUSIII,PUINBO,THSIBU,NADRTH,GUHEVA,HENOKU,CHSHWA,JASU20,GUHESM,MIIM-,BAPRSH,CHGICL,MYSK,STFIX,LEROBA,DEMETH,WHTHWI,SPSQLI,SUSTFI,GUHEAE,MYHO&,SUMAWO,BA2:MO,DOKO,BIHE,VITE4,VITE3,DAWITH,TNIM,MI&MA,CANEPU,LESNA,DESP2,DESP3,DEBL2,THBILO,TETOTI,CANECO,DIPREN,YOJULE,SSONTO,PITHLO,ARMEAI,ST&HU,ASBOTH,BOOFTH,NHFA20,RIRA,RA3:HO,ASCRCH,JIPOMA,SNEL3,SMCOTE,IMFADE,SO&SE,ZAONWI,TOSP3,MANF16,MANF15,MANF17,MANF12,MANF25,DEEXHU,SOOFFO,DRRA,ALVSPR,DASE,WISP2:,WOOPWA,LE4DE,SNEL,X-LEII,DRBARA,CADEHU,FIFAX,3RSURO,GRHATO,DMDEMA,CSFACO,STWAKN,MSPAMA,LOINBL,MIREEV,SAWACH,SAWA4:,REEVZE,THSESA,RUCH3,SCMYMA,PUPUTE,SOGE,DOKOJU,SOII,NPCHPA,CAMOAN,KOOUMU,TRPU,HOWHST,BAARCI,RATHVI,SHWHSK,FINE,KESLPR,SORI,MAEF3,SOUN,LESULA,EPMI2:,MTMUGE,MEFIBE,SNVSCA,SCINBA,HOWHBE,NA20,NCFO08,NCFO07,NCFO10,FRRUWI,UTNO*,MO14,DENOST,THBOOF,SPHE,THCRPR,PAWO2,SHKOMU,SPIN,WI3TH,JUTHHU,DRSAFR,GOROAG,ROBAME,SHTHWA,NIGASI,THDUOF,COGEHA,MOHO,JUDA4,X-DE,BLCATR,INELGO,THSPSQ,NAMU,LUSIST,PIMYRI,MOPA,DIRUAR,NAUN,DIMETH,TITOAD,ROBA2,ROBA3,EASPUF,FAFE20,FAEAOF,CACLCO,DESP,TUEV,SPSHDI,WOPOTO,FAFUBA,DEJAFI,DRMAKA,ADTITH,HIBLMO,MOHINE,RORE,NFST2,GEPAGA,TA2:TH,SAWA,RI3:TI,ADTIEX,THANBU,NFHECO,NBLI07,GUHE5,WO3D,SCTHWO,WOSEBA,DITHLI,CUGE,BABE,MEMALE,SSTR,ACLIRO,HUTHRE,BAOFGI,KI*RE,REOFFI,ILSTBI,CHANTH,WAOR2,SEAG25,CRNIKA","16"
"DERI2","15"
"NH16,XI,THSI4:,AGCHTH,MO15,SPHU,BAANHE,DOBRCR","12"
"X-NEDI,SOAD2,MYVITU,LOTUAC,SH2,LOTUBA,BI2,NIKAMO,DYLI,SA2:FA,NAGECH,MEARGL,GOCOUN,BETHGA,THRIOF,HABIAT,NFFE20,HI2:SI,ST0,.HVO,KAREPA,PHSTUN,FRANSH,DYWA4,GRAU,UTITNO,RAAR,TIBUTH,PHSTPO,WOOFZO,BEGO&,GRII,SUMM,GRKI,HEOFTH,NASHNI,TE6,SURE,JUPAOP,FIFATY,SAJATH,BRCIPR,SCITBR,DIMAQU,LOVIDO,TR5,HAKAWA,DITA,CR3,MTMO,F1RAST,THDAII,DIUN,ULFICH,NFST,PUCHCR,THWI3:,AR51,THORBO,KAJOWI,THIN,YUWOCH,JULEHE,THPA,MIEDCA,THTE,THSA,SESI,REFAII,THWA,JSTVI,AI,REFAGU,DI3,CE,THX-,CU,CY,V-3,LEDAWI,EN,ER,EY,FL,FO,RAFIFR,I-,REFAAR,HU,NB09TH,DERI2:,JO,JU,NH06,MAEFTR,PEHO2,LA,NE,BURE,DRAGII,PS,WAOR,TORATH,SHSUPA,R.,QU,THWITH,ALMARE,SE,SK,SN,SS,ALSTCH,HOTHRE,TU,SOPATH,VA,FUTATH,SHFOII,WE,WI,X-,STWIDA,SPRATH,CAADCA,ML07TH,TITR,RIRAUN,RU20,ASCR,FAGANI,APAIAS,PIBIGA,THSPCH,F.3,JEQUMY,NIATOF,STFIEX,CHNO,MYCAFI,STTRTH,PEOFMA,DAOFDI,ODSPLE,CHSH,STFIIV,ULBOGA,PEPITH,THTAOF,FRCH,GUHE,GADALE,MOJAMA,WAGR3D,BLOM2,THFIFA,THSORA,FAFI,WA2,FRFI,FRFL,FANEVE,ESNB2N,JAANDA,FA3,NACHWI,FAFR,NIATTH,LIBUCO,FAII,NANICO,SHTHHE,RE20,POPO,UFPETR,JINEBO,HEFIAF,POST,[P2],BUSCED,NIML,POSN,JUDAWI,SRSTRA,NIUN,ARGO4,TRORLI,REEV,SAFRRU,REFI,ESCOHO,SHKN,OTKOKA,ALCOMA,XC2,MOTRMA,SB20FI,REME,YUDUMO,DRQUBU,AKLOEL,NICOGA,ML09TH,DRPALI,WIOFWA,BOTHPR,GUHEON,GR2,CASATH,KIDRLA,HIAB,CHJOG1,SHJUSH,SPSQCR,SUMALA,F120(C,THSIHI,TOSPTO,SPSQFE,TAOFSY,DRDOON,SPSQGA,DRQUV:,POFR2,BRFODI,MO&BL,SAGEYO,ARHE3,DO(2,ML08TH,ATSOTH,PU&DR,GUHEWA,SIHISH,SKSNCH,NBSTVO,NBSTV3,SHCACR,TAJISA,THBIGA,HIHEMA,FRMEX,SDGUGA,AIDEST,PRCA,TODEFR,MOKO3,E.THEX,SOMECO,MESLAN,SPSQPL,TWWOII,STHIRE,SPSQRE,BICO,MOKOX,MIED,WR2:FI,CASUSH,BIIN,ME2:WO,ANPLVE,MIMA,HAYURO,50CEBU,MOMOMO,NFBLPR,MEMA2,MEMAX,BAVSCH,LOPL3,LOPL2,EGMAEG,SPANTH,INLI,DIORSI,DOBIBI,TRCRST,FIST3,INPR,TOHASH,JATHGA,TRCRNE,FACRIN,TOHARI,CODEOP,MOISSP,SESTCO,ARCOFO,SCFIFR,MEINBL,FACRPR,DIWITH,CLBAJE,JOLORU,SEBAFI,GOMEMO,AGIN,CASCSC,MASENE,VAROTH,TOKI,NEGEEV,ML10TH,ASCRRO,TADRMA,TOOU,ASCRRE,OPFLRE,THHUDE,ASCRSY,SPOPTH,ASCRUN,SEAGCL,FRMIEV,BRROAN,TOSP,DRWAII,ROPOBE,SCNIOF,TOCLTH,SPINEX,OPFLDR,CATRBU,TACOCO,YU5DTA,PENOMO,MASEDI,SEMU3,THSCKI,RI2:DA,ALKARI,UNTOII,ASCRBR,AKTRUN,PAWORA,SMDR,SPTOWA,YUGXTA,FRADTH,DECASE,SOOFTH,HYNEVI,NBINDR,NIHAKA,SUFIPR,GEFIWI,ARMEWO,DRDO,FECHTR,TOSP4,PUKI,DAIN,DEEXMA,KIOFAM,PUPA,DRMU,STFOBO,DEISRI,KIOFFI,VITE20,DASU,DASO,WISP20,NA20CH,BLNI,ORUP,JIJOAN,WHKNCH,DAVO,WISP3:,UTFUNO,COWA,WIPU,WIST,FIFAV,STWAEM,AMCH2:,F.2:PR,AICOSE,STWACL,ENTHMA,MA2,42FUSA,NCBA09,THBUXC,GRHAPA,THMUTO,INST2:,JUCA,GRANTH,MOHUTR,YONONA,MINO9,SAWA4-,THLABE,MX2,TRFU,PUPUSU,THPOEX,SARO2,DUNUFO,REEVTH,DOKOLA,SOHE,BMXX,DO3BF,BAARAS,TRMA,REEVOP,GONUCA,ML11TH,TRPR,SIMEPI,THBERO,TRTU,HOWHVE,HOWHWO,MAEF2,TAWA,NA'1,STWARO,STWARE,TE3:TH,BAARKN,SEFITU,REEVDI,SESOSL,NIGA3,NA09,NA08,MO08,THCHGI,ROPAOF,AKIDTO,NCFO11,SAKOSE,SPAR,WA40SP,CHMEBR,DAONBR,WTTOTE,TE3:RI,SPKI,FAPA30,ETODII,BU2:PO,MAPA2:,THCRWI,UMNONA,CRBA,TOGUCO,ZUFI,ONPIBU,NADO,TIFUPE,CAGA,LIISST,ZABEMA,JUDA3,KIAR,ENTEQU,CRMA,ML14TH,NB08,BOLA,NB07,MOLA,THNABR,CSDEIN,CRTA,RESUSL,X-LE,ULMAVS,JUGRST,STOCTH,ALPR,XCENUN,MOST,GHINTH,HACOEV,FAMIMA,HANOGO,HETHSC,JAJAAD,NAHE20,WRTHYA,BASPFO,KIHEJ-,RATODE,OVII,DEIS,DEII,HANOIP,FAMIFA,CRTIHI,ANBITR,R:RAEV,PO2,GETOMO,PUPU7,REEV-,REEV2,JUCA3,JUCA2,DRBAGT,DIFATI,DEJARA,BASPSA,KATHKA,MXSUFE,CALEAD,BABOMI,THITJO,HAFE,DRBAOR,SPATSQ,BUPATH,HAHE,BRGIRE,GOHO,ZENOTS,SNELV2,YUTHSA,PORADI,BAANTH,TRFAOF,STOFEM,SEBA2,DODEIS,ROOP,FAFRII,RAPASE,GAANII,ROTR,PIMA,SHNIPR,NBJATO,NA20TH,MITOWI,DYWAST,DIPLFI,NHHIPR,PORASU,KNINTH,PEDO2,WIPOWO,ROTHMA,COPABL,ANRE,RAPRFI,TOGERA,DJHE2,FORAOF,LELEOF,MEMAST,MX20FE,AEOFEA,DITHHA,LU2:ET,ARTHWA,TETI,DRQUX,NBLI10,FACR2,FACR3,LOCH,MEMAAN,PATHRA,SAWA2,SAWA4,TEWO,SPAHE,ASCR20,UFUN20,YOSHFI,SAROTH,PECA2,ML15TH,DIWO4,BAPO,BAPA,BABA'0,BABA'1,ACCOAS,MAVSWI,WAUNFE,WOTHOL,THTEOF,STHO,STIG,GRDARO,MEOFWA,BAVE,HUTHDE,PRGORA,SNARCL,KIUNFI,PAAROU,SA3,THCUCR,BA3","9"
"CA,GRTHAU,DADARE,TOCLSP","676"
"BAATE","8"
"BO,PRYASP,MANF20,FIFAXI,PROFPE","576"
"WATHEN,THSM,LU,THPEMO,PRAR,WOSNCH,WIDEAS,PUSQ,SEFI2:,HA16,DERI","6"
"DE,RO,STWATH","484"
"SU20,ARCOV,WOOFOU,GRSLTE,SE8,SESTRE,CEDA,TOTWGH,STSO,SCPA,WITHGA,TOMANO,WARACR,RIOFNA,SUBUPO,FAMUEV,DAITYO,RASQOP,ARCO3,ARCO4,SK3,SK2,LOTUDU,THXFI,APES,CEIN,BL2,50CLGA,MADRMA,MOINSC,KAREVO,SYFIDA,7TDR20,ULMU-,TEHO'E,SOV,WOOFTA,DSNIKY,SHOFDE,SUSWGO,SUBO,DYWA7,DYWA8,SUBU,DYWA3,CAVOSU,HUBA,DYWA,FA3GA,YOBETH,CHNOFU,SUCO,L.NO,RAAT,GRDA,NOMURA,ATOFTH,TOST2:,KYDAAD,RADS,YASHKA,HOATFE,SUGO,RACH,RACR,L.RU,IN50LE,SUCO2,WADIPI,BAEDOF,RIBRAN,SUII,PSMAHA,WOWOAM,NASHSH,NAGEPA,DIAL,DIWODS,ABULI,DIWODA,CHYOMA,NAGENI,ZEESZE,SL2:BA,TEDROF,GRMA,WADITH,RALA,FIEMTH,FIEMSH,TE2,GALE,SUPI,MLSLLO,HORUBL,NCCOBA,METHBL,NFBL,FIFATH,RAISRE,DAALI,EVDERE,NBBACH,GRRU,SOPACH,DYWA7:,DILOMO,RAOD,SUTA,RARE,BU'9,DISTCY,RARA,JODAPR,EM20,RATR,RASI,RASP,ACATIN,DIPA,ENODTO,DIWORE,KNCO,FLULCA,MEPLOF,FINICH,CRBA2:,DIMAWO,CO2,SUNI6:,WOWOPA,XEEPII,HEOFIR,TR3,TR2,TR4,JUPAII,THWIAN,RUKEME,IMFISK,THBLEY,SERACH,DOKIBO,DISH,THCO,TNIMCR,THDA,THDAGA,LULIAA,THCL,DRTADR,GE3:DE,MINOCH,NFTO,MINODS,GRSLCA,NBSTHO,SYFILO,SCITTW,KUBAMI,BICOCO,FIFAFA,GRAGME,WIPO7:,THWI2:,NBSTFI,APESAC,ULFIEV,11CR,HIMYTI,DSKAME,SLTOMA,SUCHAT,JACADA,NBBAPH,FIFAAN,DIPKOU,WALAII,THMU,SKOFAR,THPU,MEGRCR,NIPABL,COSTFO,BE10OM,SA&MA,RENIEN,NAHISC,UF20UN,EVDEFI,BUBL,THTH,HERE,FINI20,OJEX,MUPACR,THSU,HEKITH,DODABL,VIPUHA,AP,HIHIPU,7WOOF,MEGEAC,HEKIRO,DU,WRCR,BUIS,ARFO,EL,F.,PRCYMA,ALFO2K,NAMUBA,GH,STWISH,GO,DO3,ARII,BULE,WAGO,ULBA,TOTHAG,NH17,KL,KO,DR2,NH08,KU,DABABR,NH13,NH14,NH10,NH11,NH12,LO,MC,HEOVEU,BUPA,N+,DIALRU,SCDERA,FAFR3,JEQU5:,NO,ENNOSE,OB,IC2:IJ,BE20,ON,ME20,PE,Q*,BUSC,PL,AREDE,SOPARA,S.,ARTA,FABROF,SHSURO,TA,HEKIBI,ATGRHI,ARTH,NH99,WRUN,ENAR,MAKHAL,TIMY,MISPUS,NHDRRA,FA'9,TOHE2:,XE,THDAVI,ENFR,MAFICL,ZA,MYSPCO,[P,THORTR,SUPOLE,CHBL,DONOTO,CAKACA,SANOPE,RU06,HOHEMI,GUGEX2,VI8,BLSOCA,KIDRCO,ASCO,AGOFMY,WAMAOF,GOGYCA,BADATO,STTRLE,STFICO,XECH,TOWASH,SLCOTH,ALGRUP,STFIAN,WODELE,ORNOIM,BU3:TA,NHLE,FAFOPA,XEWAPR,DRSLTH,PRHEWO,TH&FR,ESNBBA,ASURGT,MAKH2:,KARIDR,SPCHAN,MEMA,MEME,GOEARE,COIICH,STTRTA,ULDUHU,HICIWA,SITATH,EALETH,YANIGA,BUSHBA,STTRSH,NHBLOF,ESDEIS,THFITE,ULCAGA,GUBR,CHTR,BLBLBA,SORIZE,GOAXBE,TRCEUN,BLDASO,BETW,GEWAGA,SUREMA,FRBE,RITHPR,SUSHOF,MYDUSH,THTROF,FACO,GANOKA,ROOFSW,MEIITO,RITHSE,LOOFAP,COTHGA,POCH,POCO,ASWR,TOWAAT,JASAAN,ML06TH,ESNB2K,NECAGA,COELWW,POGU,DIHATR,LO20TH,BRQUGR,STTRCO,POFI,STOC5:,THID2,FRMI,NICR,NIDA,NANIDE,EAINCO,MEULSH,SXSU,BEMEFU,ATAN,POMO,HOFODO,ACAN,ITSHNO,NOBYNO,NOAEIQ,MOMO2-,FL2,KOCLVO,CH-LO,RARATR,CAMABA,REEV3:,FATR,IMANDO,RUWO,UNBL,IGTHGA,CLOFTH,LIREFI,TOSOWA,ARPRS.,SH/SH,NHBR98,SN2:ON,NIRE,NIRA,UNEX,CACUOF,SP&SP,SHEVBA,SEEFYU,WCMA,GENETO,BOLATO,GOEA2:,PLALBA,FORA2,RUFATI,WCNI,HI(2,SPHU2,CLOFEL,SHII,OTWAOA,DETHCO,SYII,SHHA,BRTHMO,YUMOCA,THNIOF,ESMLEX,SHHE,NIBLHE,JUNOAT,JUDRDR,JIWOSO,WESIRO,PRCOJU,HYNE,DITRPL,SAPORA,DIFIFA,GUBEMI,FA&FU,FIROTO,SIHI4:,HYTH,DRQUIV,DEGARP,RERE,WOSOJI,GESM,ATIR3:,HYWA,DITAUN,CLZESH,YASEVO,SUBADE,KACH,POBLDS,SIHIOR,SOULGE,TAOFZE,BIRESE,LESOMA,SUMAAL,TRXLO,VACH,ELSHAS,ONZKA,SUMAGA,MAKIRI,AUMO,SIAB,URCHRI,SIHIHO,SIHIHD,SIAF,SASHII,E.TR,GRTU5,GRTU4,HICO,PG-PR,MYIIEX,BOTHHA,DEFOBL,THSIHO,TAOFRE,SOIINE,SIDU,WSRE11,BRSTNE,SICR,SIHIDO,OU20CO,THSIME,LOPLEX,25TOLI,MXUN,TAOFVE,RAWOTO,WWCRHO,DISPFO,ULGH'N,TAOFXI,FU(I,TAOFHE,SUMA3D,TOOVA,ACWOGI,KARA,ROTOWA,2IN1,TAOFIN,COGLTE,NANOGA,SIMO,CR'NBU,SILA,MEGERI,ZECHRR,MTCEDE,SUMA64,IRCHAM,SCWHWA,TRPUUN,SIQU,SIPA,CHGEKE,MYAG,SISC,SPBOBA,DA2:TH,RETOCA,DETWYA,DISPSO,DISPSK,WAOFMI,HAMOA,TAOFBE,TEPADE,SI15SE,TSKI2,4XEV2,COBO20,SAADAF,MOHU4,MYHE,ACWOKA,MOHUG,BRAWA,LECH,KANOAS,PEREWI,BRATA,WEDA,LUPHCH,NA06TO,AEFL,TAOFGR,THDOIS,MO4XMA,MYKI,IMBA,SESANE,S.SHSA,JELICH,MYBAFI,MYWOCO,SESAHD,GO00RE,WWDAOF,MYPA,SCUNA,VI8:2N,SESAII,METORE,MYRA,WAGU2,WCBAAS,BRSWSH,STFIV,LERA,THPRAN,BRSWTH,GEOFTH,GRNH06,VIJORE,GH(2,SDGUFO,ULPUGA,IMMI,POGIRI,NIINDR,SY3PR,JAHUDE,MOKO4,ESINWI,TAOGLE,DATRHA,GEMAF:,RIKIMY,PAFE,ZODA,QUII,MIGRAR,KONOPU,PSTHMI,ZOHO,MYBAST,00THWO,DOKI,BIDO,SPSQTH,MICO,SPSQSU,WWAT,FATAPO,BIFR,TOBOTO,NAPAOF,DECHLE,PRRA,MAWOBR,EAPL,QUTH,DXGAOF,QUMAAC,UECHLE,MIIM,PRSE,PRSN,HIHDTR,FI20MA,CHCLRA,50CEBL,CLRO,ARNOOD,ACOOF,MEMA8,MODE16,MEMA3,MODE11,BIMIFR,TEDREV,MOMOKA,TEDRFE,MODE20,MAOFTH,GUWORE,BRSW5:,RO'NRO,ARCOLA,AFSA,XISH,RAGOHO,BRTHVI,MIMAV4,INCR20,SUHEGE,RHHE,WHWATH,SKIT,KIISDE,XBLOME,DIDASI,ESMLBA,MEMIVO,SEBA4:,TO20,MAANTH,CITHDU,SUHECH,AQBAFO,INSE,RUINPA,MAMA(2,JAVO13,ATROAL,HATEKA,VACHII,GRHEOF,YOTO&,DEWAAN,POGIDS,CANEBL,DEBUFI,LUAR2,D.DACA,JASESI,TR2.KI,ROHODE,TOHADO,SACLIS,COLYQU,CAFIEV,THGRES,BISESA,TANONA,ESXGA,MOMA3,DRLA3D,TOGU,ELBO1,VIBAFO,THSULI,PITHLE,CTSPFO,VITEWO,DRSEHO,VIFI5,STFO64,SHLEOF,DRSETH,UNTO20,WICOOP,PEWIAN,TOPO,FRFUOF,THGRAD,THNETE,BOMA2:,DEDEPE,TORA,LAESCL,RIKI,JAUN,SHPAPR,YU5DWO,SUPUPU,SLST,PIULED,GO00(2,MOMABU,YU5DWH,ATQUKI,JAULPR,MATHGA,TOAFIT,BATHBR,KOOTTO,ETSO,BAWR2:,VIXEV,ESWIX,WOINCO,KEII,CLPEEL,LIRI2:,CLNOKU,YUGXSP,EUTRSI,TUPOFA,MEBLAC,GLSWOF,EVONAD,YUGXTH,IDJASU,PUCO,MAGRBO,WHTO,REBOGA,HYNERE,DRCR,DOSHNO,RAFRSC,MANF99,COAR,COBO,SOANTH,PUFU,NBJA20,COCR,SH2:BL,TOSP2,GOPLCI,CHTHAR,NOCA,BLBO,ARMERT,LEBRRI,YOCO,COFE,ARMESO,SMRU,FIFIST,LI3,BITHCO,YOFI,GOTHLO,YAZETH,DRMA,CO2:ME,WIAR,DIGIDI,YOWA2,PRCAI,KODSSY,WIPO4,PRYANE,BLII,DAPA,TIHOHU,BAGRAN,THSUOF,OBTHAF,SITHPA,RITOHE,DRSA,ARMEGR,THSUTI,PRYAGR,THGAOF,AMNETO,COVI,SUSPPA,PE2:ET,TONOKI,STWABO,TAAKNO,TESHAS,CHNIPR,SALA20,DA2:GO,MAPONA,ANEXRA,RUTHRE,NAWIOL,FIFAI,DESTII,STWADA,HIROCA,GASESO,BLARFR,HAMOFR,ATAYTH,ROLUTH,FAFEPR,WIWA,NCBA10,HAMOSP,SUMODE,G1JO4,JUBRTR,EVJO,VIDIWH,THLARE,DESTAD,HAMOMA,STWALE,18WHOF,ML12TH,SOLOWO,THLAOF,SATHUL,INTR&,REFIII,SASESO,BABERE,ALINWO,NECHPR,ODMUOD,KISUST,NBSHNB,METSMA,PERA,EVSK,X-VSST,ENAR(J,DAMIBM,STTHPA,HONOKE,ATTOTH,SOAD,HAMOAN,WAINME,ABKONO,STSEKO,YOYORU,THLAAI,TACO,18WHAM,SIULPA,18RIOR,SOCO,NECHMA,MORADS,UFUN3,FICL,INSTDS,SAIIFL,BUAGR,JEOFTH,TALE,CRGIIN,FIFA,FIDE,SAWASO,SOIV,HOLIAD,HASH-,REEVOU,MORAAD,ALVEPR,CAALAD,OCNOHE,SHSMN',PRYOLU,ZOARTR,BAWRDO,BLAR51,BLTHHU,GENOHA,TRSU,FOHO2,IRST,LINOAT,SOPA,LEPLGA,PEDOFA,LEPLBA,GENOKI,GOTEGO,DOIIHE,RESO20,FIMA,DEIVBL,HOWHTU,HOWHTR,RUATW,THGUGA,J-SOPR,GEDAOF,THFAAN,GUBR2,GUBR3,SUNAPU,MO'0,IAMIN,DU15,BIBESP,FISO,REEVDE,REEVAR,I'ACE,NA07,STWAST,DAONIC,KABATR,WIAR5,HOWHBA,NCFO14,NCFO13,BAENAQ,CASPDI,MO09,YSTHAR,NCFO06,NCFO12,PUPU15,PCENBE,SPCA,MO10,WA40SQ,FROLQU,SUV8RA,PUPU20,FOVSCH,IVTHKI,NA99,SPJA,BRDABE,CAAFSA,DECOPR,DIKORA,OMCIOF,TOGUHA,MICLLO,PRXZO,CSHAEV,TOMETA,TAVSCA,GACECX,CHOFED,STLI2,TOGUFI,CRCR,CHOFLI,SUDOBR,INEL3,NABE,J-EXST,BIIDVE,SUDOBA,POMUPO,NADYTH,JEWOTO,ESNH2K,PQPRIN,MOAD,SONOKU,SPRA,OUGO,MICLII,DUHE,DOMASH,SUGH'N,BL&BR,OOTOKO,KOAONI,ONPIGI,PAADIN,POARVO,MAHITH,CHOFMY,ATMEAL,MAAVBA,SONOOT,BANBBA,CRKI,XBCOEM,NEPUAD,DUEXWA,ALEC,YAIS,EASPMM,KIAD,YUNITR,YAKI,MOIN,ALHO,CAMA,TOMEFO,WHAL2:,SPENTH,J-VIGO,TEPIAL,NB06,MAJOQU,LACRAN,ESTHMU,HANOTO,OUTE,KIHE,SHCHBO,INELST,VIJO,AROFFI,MXWOTO,MEOF6:,CRTW,MIMYTH,YASU,MA&TH,RERAKI,MORA2,ALRE,GOSATH,ICHO,MOTR,PEPIFU,MUTHDE,VIPI,ALSY,GO(2,PEHALI,LECIUN,LENISH,BIOFST,THHABO,MOKOVS,ALWA,DI4:A,MESL4,VIQU,KIHEBI,TEMADA,SEKAES,MOKOTR,PHBR,RATOFI,SUNI4,SUNI3,DEBL,CIINMO,INTHLO,REGACH,THGOCL,MOKOSH,DEDU,ROBA4,DEDR,DCUNON,NBBA,PE5,SWGLST,SQPA,GODEAL,FRHECH,ZOTY(2,KIHEII,MASHLY,CAWETH,NADITO,MOKOMY,DORACH,PI2,MEOF#5,BU2AR,ARLOTH,EMEAII,NBHA,AMCH,ML13TH,NBHO,ILOHO,FOREDE,ARMAPR,BAJESE,DEJAVE,ECTHDO,RA2:UN,SÉLORA,NATHGA,AMID,DEPR,NAHEEV,KIHERE,AMBOPI,MLFROF,SLMODR,THEYOF,RAINTH,SIFLFU,DABAUL,DEST,AMLA,ROGADO,MYPESH,PRRADR,KIMUGR,MOKOAR,WAWEOF,FIINSI,DI3:AB,SEKASH,MOARED,RA2:TH,WALEOF,RORAJA,THGO(J,VIJO2,BL&WH,NBST,MIHICO,7DATO,FLAW,ROBL,ONPIRO,DEJAIC,ESNHHO,ATES&,DRBAHE,HEWA50,DIATTH,ZOTY2,THGO(U,VA20-,CHCAWI,DYWAVO,ROIN,DESPEX,HATOTH,CO2:BL,THTEDA,ROGAPR,TI&BU,HIDAPO,NIBAFO,HARE,DEISDE,SEBA3,SASH,RORA,BLOFTI,RURORA,MA2:TH,GOSU,ROSA,WAIITH,DUTR2:,REWOGO,ROMCPG,GOUN,ROTY,MOHIGH,ESNF2K,PUITUP,SI20SE,ROWA,SEHISE,SPSU&,MEMAZX,PORASA,TEAT,RAFURA,NTBRCU,COPACO,MEMAX:,MEMAX4,PORATI,MEMAXT,QU4,TEDR,AKNOGO,ML16TH,PRBRTH,YEPR5,ZUFIWO,JAWI'9,PRBASP,IHPRDR,BASTD.,SEWEOV,THGOII,WOFOUN,RHAMU,ECHARE,SPILFO,MA3D,EXARTH,ANST,MV06NC,HYHOEM,SIOFA,FIFAX-,SIANPU,PORO3,FAGUBA,ROTHSK,DITHFA,THBATH,THBATA,OUGO2,POCUST,CYTRVI,ZUFICO,TESA,ESNFFO,MOHI13,ARTHWO,ST19,RLRULI,TMMUME,TOIMRA,SUPUFI,ACLIEX,THLOTR,MABR,NBLI16,CRSHAR,NBLI15,NBLI14,SHKANO,YGUNWE,GEUPAN,MAEF,ESNFPR,WOAR,GOEA2,NAUZCH,BAGA,MAGO,LODI,THMAPA,YUFOME,X-CHOF,FOMUTH,BAHO,BRKI,NBLI99,BRLE,LOHE,BALA,DITHSU,ADPOSO,BIBRAC,BAOFFU,BAMI,BAROUL,MAMA,BAMA,STOFSE,CURO,CURE,STOFRA,HOSHTE,REOFFA,LOMA,MONIPO,THBRII,BLAN2:,COKARA,UDSTIN,FANI[R,CLMIMA,NOAMHU,BAST,SBX:SU,DRPI3D,J-JIWI,CIXL20,LORU,WWWAZO,SOTSPR,M&KARA,STLO2N,PBOUOF,REROGA,YUTHET,PRISA,MEOFYU,MICLST,PAHE&,BA2,PLTHMA,KINITO,DIIIEG","4"
"KAHIRE,MO,THSI2:,TOCLRA,TOCLGH","441"
"DYWAEI,SHHOTH","3"
"JUDA20","432"
"BOBYFL,MYIVRE,PRFA20,CAMADA,YAGADE,WSRE09,R.BA20,QUBR,SEMOA,PUCH,HYNEMK,FUAU2:,EVBUER,SHHA2,AZSTGU,WICLSA,RICIRA,NO+NO,SAROGA,BAFA,WOWM","2"
"NH2K,CABIGA","400"
"NEAN,DUKE2,STPR,KESAFI,STPO,KI64TH,12KODI,ZEESVI,NEAT,CUROFO,NAPOSH,MADARA,VALEPO,NOTHWH,SOAD3,PHSTCO,PHBRTH,SOAD&,SORE2,STPA,HORECO,EMDIRE,SUARHE,JUSIVO,D,KEDEYA,NECO,STSA,CSDAMO,SORI2,CHBLTE,TOMAPA,MO2:UL,LERIDR,STSK,NIADNO,NEBR,RUTOAN,ZOHU2,MANOSU,FRANFL,SERA20,JULECH,DYHE,STRA,LIMC2:,FUALPR,GAISOF,CO-SO,MUREME,AMGIJU,PE4:DA,WAFOCH,LOTUCA,HALESA,ALRORA,BL*RO,COPLGI,RIOFNI,SI4,LIMC3:,ORTABL,STSU,AMGIKI,SW&SO,WARABL,ROTRQU,FEEF2:,STTR,TUITAR,TWWO,LIILO,DREDPO,FLFOVI,WIXTUN,RA3D,SESTON,SCSPBE,THOR18,BAECVS,ARCO2,OZ-V,NEHI,CRMAED,STWO,BETHBE,DEBYDE,NEGE,SEDE3,NEGA,BUWOA,NASHDR,BOPAED,WOCU98,FUALTR,ROTRVA,PE4:GO,NASHDA,PIWIOF,YUNEDS,JASP20,RIOFRE,NIOMNO,FATHLO,HYNOGO,THTORA,LOTUGA,DRDAWE,BODODS,BETHLA,GAPA2,ROTRTH,MRDOCA,KAREZO,SPBAYA,GAPA3,CAFRAR,NELE,SUWALA,CACHWI,VAPRCO,NASHCL,RUIGO,FAAQWO,BODOGA,S.CLSK,WIARAL,PHSTNO,ROTRSH,CRBAPU,CUROAR,ZHPE,BOMIAL,TOXAEX,PHBRWE,BLJAVS,NENI,ZHPU,MABLIN,TRHAAF,MUSHWR,FOMALI,GACRGO,GABODS,NEN-,LU*ST,HYNOBA,TOMAGA,HAPRKA,MADAPR,KAREUR,WI&VA,HAMIAN,SA2:HI,SHSANO,POPRGB,DYTA,SPSTOF,ST2,WWRA2,ST3,KEDELA,SUBA,BEII4T,LUDRSO,NERE,ENTRHA,SU2,SUBR,NASHLE,STX,FA4:FL,HEOFRU,DYWA2,SUTHMA,SUAC,BRHISE,IMSOCA,NASHNA,CHNOHA,SUAT,MSPA,SUV,BU4,DRTR3D,SOADDX,ROEX4.,EVEXEX,SW4,GRBL,MANOAT,SAAGHU,PUSH3:,GADE3:,KASHTS,BLVECR,SUCH,SORETH,LERISI,PRFCFI,LERISU,NASHKI,TOTETR,SHANTH,DU3-ST,BEII16,SUFE,BEII14,BEII15,FOAC,BEII13,SUFO,BEII11,VAPR2:,MYSACO,FOMO6,FOMO5,FOMO4,JIAKMA,FOMO3,FOMO2,RHTH&,DEJOKI,DRBLWR,MYAMPA,LISUUN,SOLE(J,GAAT,GAAS,MULUMA,RAAD,DIBRBE,LETOSP,GRCO,NOLANE,CRANTE,APRE,THRIFR,TEDASE,NUST64,LUDATE,RADA,A-CISI,MOMIPA,MYBA3,RADE,FATHJO,CAIISI,KNEDNO,HEOFMA,GACR,SUH3,SUGR,BEII3R,WAFOTH,.HSENO,SUHE,SUTHNE,RYGAGO,HEOFMI,SHMA2E,KIINGO,SPBAFO,VMRA,SUSERE,BA19TH,GAGA,CRGI2,SUCO3,X-10GL,GRGA,GRGE,SUIV,GAEX,DIMADI,CRWO3:,HORUKI,PEBUBU,TEDRLE,GAFI,PLCI,DIAD,RAHE,GA?OU,SHGPCY,ORNOSH,MAMA3,PRMA2,SUMA,ANTHGR,NIJOOF,RAHI,MAMA4,WOCUGO,MAMA/,EAJI2,SUME,POPRSU,YUGABR,THJAAN,ENOCBL,MOPARI,GAGU,FOFI,DILODA,DIWOCH,EYPL2,GAHE,BACOHA,RAGI,GAHI,VIPRWR,THOPPH,BALIGA,FIEMRA,PIPEHA,ENHORI,THSLCO,ORNOYO,GEADKI,POPASP,HAONTA,OUTOMA,DICR,SHOFRO,ATANED,12THPS,LERIFR,FIEMSE,PADRII,EUSEVO,BODE6,CRTERA,FOHO,HACL4:,SUNI,RAIV,GRNH,IN50EV,FOKI,24THGA,WADIWO,GAMA,UNSTTH,KASHHA,TOANRE,ELHU,SUR-,TE4,TE3,ENSOSA,ELGE,TE5,DIDE,ME&MY,INSHZO,METHMU,SUOV,STJABA,DIDS,F-GX,DAMOII,KIADSK,DIGI,SCMOPO,DIMAMI,TEZ,FOMO,GRPR,DIGO,HESALA,SO/AG,STWI2:,SUSC,SUSO,THWIEN,TORACH,DYWA5:,LUPUFU,WOWOIN,SEGAPO,RAMA,WIARXF,SOEABA,DIFR,7TDRII,GANI,SURI,TH2,ELLE,SPCH5,FUFIVI,LE2:DU,WOCUOF,PIDR3D,7TDR,SIBLCU,RAPR,ZOSPTO,LESKEL,GRSE,ZYSEKY,CROFMI,DILOLU,FAFR2:,RAON,GAPA,WOBAIS,SUTI,KAQUBI,PLKN,KEBA6:,SCITBO,AQAQ,RYTHBA,DIKI,POJOPH,GRTU,CHQ,APESPU,BEAPGO,HEHAIN,MOBIAD,MYANCE,KEBA5:,FORA,DIWONE,GRSL,WOWOES,NFGA,KIJORI,KEBA4:,PLMO,U-2,YOWADA,ME4:KA,Q-BIMA,KEBA2:,FOST,THDRQU,DIBASP,APESON,PLPI,YOWABU,GRWA,STLI3:,MINOSA,DILO,JUPATH,LAOFTH,SOCLCO,DISTEX,MINOSU,SPGAEL,RAST,RUKEEN,KETEDO,TYCINE,FOSH,ELGILO,GAWA,CAIIDR,GRXT,POHIVO,HAONGP,ECCRSA,VOCHFI,TO3,DIPE,MEDIMA,CAAROF,CRBA3:,TRANTH,SURUCO,WOWORA,AQHO,LOKIII,FIFALE,MIYOLA,F-RA,DEUNTE,R4RIRA,HAHITE,LINUON,SPFOEV,FUAL2:,QUMOGU,SPHUNO,F-TO,DILOVA,CO4,TWSTOP,RYTHLE,STΑ,PLTO,THPUGO,UTCHE,REREDS,JUCLBO,TALARI,DIRE,NONO+,WOSTEX,AL2:A,OKSHKI,SHMADA,LEMAA,WEWIYO,HEOFHE,THCOAN,CALAOF,KOKOKA,DIPR,COR,DISTJA,ELST,WASENO,SPFOGE,ALBA99,DRSOGA,PLSU,SUAT20,XEEPI:,SOEAMO,THAR,NCCOFO,DIST,MINOGO,BUGI2,THBA,VIPRFO,SUFRFA,HIPACO,DISTLO,SPFOIN,KEEISP,THAL,OIRU,DISI,A.IVEV,CROFRO,BL2:MA,HEAD,THCU,CHCOCA,SEGRFI,ROALDR,COSTTH,WONE2I,SURUFO,.H,JUCLGA,ONCHKI,HEBA,DYWA3:,HEOFDA,THDAHI,AI36ID,CR&SP,THBR,PRFRPO,THBO,OZ&DR,MINOJO,BU30,SOEAPL,KOKONO,FIFAIX,GOKEDS,TROFTH,WAMUCH,DYWA4:,SHLU*,MINOCO,THFA,TRTUBU,NIPRMA,SECA,BU3D,GUVSTH,KNKI,YUWOED,19,COSTCR,NIPRNE,FIFACO,PSOFTH,TASDE,LI&ST,FIFACH,NORUGE,DIWO,D.SONO,AQPA,NI+CA,POBL2,THGU,POBL3,MINOEN,10EXME,BLMI2,ALANOM,THHI,WCVSNW,STTOUN,DR2-PA,EMTHST,LAV:TH,SPSTSI,2X,FIFAEX,BO64TH,DOKIPR,WWSUSE,SUARWA,THGE,THGR,THGO,DRSL&,COMAMY,HIMYSA,3X,FIMA2,MAECGE,SWAWGO,SA&DR,HEGU,NFXT,MODE7,SEGT,SEGR,TOSTRA,WA21,FLHEON,10ALFA,SAKEOF,HEFO,THID,URAGBE,THWHWO,DISTST,GA-GE,HEGE,NBBARE,DISTSU,FUCABU,NIPAMO,YUYUIS,UMKAJU,FUALAN,X3TECO,EMARAN,HIMYVA,HI77FI,OSKAMU,NAKARA,SEMU3:,WCVSTH,FIFAAD,SUSC6,PLTOAG,KILEMA,COMAWO,EMDE,EXVO02,EXVO03,KILEMU,POST2,ABYOCA,BE10TR,THMO,AKNIOM,SUMEBO,FUALBR,PRSYAR,DIHI&,F.FI,SCITLI,RISTTH,REATCL,DA3,SUBO2,FONECO,SUBO4,SUBO3,REFAOF,SUBO5,JONOKI,HELO,MTSPPU,KAJOTO,EMEA,TOSTMA,NIPRCR,KIIN(2,MODEV,SYFITH,JONOKU,FUALDU,C.THRE,BIAIFR,THOU,JUMYQU,EMHE,RAHORE,ZEPRWR,RIRA3D,AQAQDR,K-HOLI,HEPH,KUBATI,DYWAAD,PERAPA,DRTASO,F1RACH,RISCUN,THSMDA,COSTDI,DIHE/,HERA,BUBA,WOSCPO,LESKII,DE5,MUBU,THSE,THSH,EVDEHA,SPYEOF,DYWADS,MUAL,BUBU,RUNOHI,CIBEEA,HESW,BUDO,SESE,ARAM,SESA,BUDE,ESEXGA,BRPO2,A-,ARAC,VINOAT,SESU,W.SERE,UFSUIM,TH3RBI,EMMA,DRDA&,AD,AF,GRPAGA,AG,MSSAA,AK,ZEONOT,B-,MDAR,AN,AO,SESEUL,SPTHET,AT,KUWAAR,AZ,BUDS,DONOAN,UNTHNA,ARCO,MOLIFO,C.,BUFE,SEKOAI,MYFIDO,HEVS,LABL,IKTOEL,DIKIDO,THWI,HEKISE,TOSEGO,DOCOCL,FASTPA,BUGI,GOAXTH,SKANSH,HASHKI,HA3:OD,ALSTTE,BRAG2:,HEKIPA,GRPRCH,BASOFI,HIMYBU,DEJRAN,SUNITW,ISNOAR,UNTHSK,WAD.,EA,PRMEID,ARDS,EC,TWMEBL,EH,EI,LABR,F-,EP,SEGT20,ARFA,SUNISW,NAMUDS,DIALIN,PUWO2,AS&OB,DODRAD,LAES,MYTAOF,BAGLAS,SC20ED,DEOPMI,COIITH,CAVALO,ME3:KA,GI,KOKAKA,YUZEWO,HAREDS,BIMO20,ARHE,GY,BLWITE,DOKO2,3DTAWA,DO2,ULBU,MUMA,UPX,KOGA,IK,IM,WITWPA,TOTHDE,JIGAQ,KEMAOF,KOEN,JUINTI,JA,KEBAPO,POREBL,LAIV,KOKRRA,DJST,CHMA3,SUNIX:,FA5SO,FAFU2,WRKI,DENOL,KEBAOT,KE,TRLOST,BANU&,GUGEJU,ALSTKA,THPEGO,KN,DR3,KR,MYTRTH,KLDOTO,DIKIKI,RAFIAC,LAII,SISC3,HAREPO,7WOII,GUGEIS,TICR,TICO,PECUTO,ALSTPR,UN4:A,CAVARI,MD,TRPL97,TRPL98,TRPL99,ML,NAMUME,DEINTH,NAULCO,AAME,MU,CHMOFE,MX,RIRADS,NB,SPSEOF,FUHOKI,SPFO3,NOMASK,GRBYTH,KEBAKA,WAMI,SAPUDE,BURO,ZIOFEN,OC,OD,BEFRFO,DIKIPU,ASCLGR,ESNAHO,BURA,CA&DO,TWMEHE,OP,DONOGA,DIKIPA,OT,ENDASQ,MURA,KL2:DR,AMNOYA,SHSTSA,TWMEII,HEKICU,PAMI4,PAMI2,MUTO,SUGUMU,STWIAN,STWIAO,IKTOXR,DIKISN,CASYOF,HEKIDA,QI,TIHO,R-,MUSO,POOMRU,GADSSH,BRAGCO,STDRKA,DAANVA,KOMU,3IN1:,FINETH,BUUN,SUEIR,XE3D,SPFONE,ARRE,GIMO3:,AS3D,BLSOAC,ALBRTR,RU,SUGUKO,RY,LARA,LARE,WARA,ALMARA,IMMOST,SL,NAMUVI,RIRAII,SQ,OVRAHE,SW,MYFISO,SWGO,DIKISP,SPHUVE,BUWO,U-,BUWI,AKKASH,NH97,NH98,GTEV,SLCOAN,TW,RPMA3,TILE,SANOYA,WASP,SPGRVF,WTWOTI,EVINA,SHFOFE,LASI,SHFOEX,IDOHA,DONOMO,CLACDE,TWMESM,SANOYU,SUNICR,VO,MLPERA,BOBLBA,KEBABR,JUESFR,IMICCH,DOWIHI,K-RE,NAMURE,SUGUOM,THWIWE,WATW,IKTOSH,WATO,ETMYDU,UMJALA,HOHETH,KL2:LU,UNCH2:,BIBOCA,ADOFLO,AEECGE,IMBOOW,VIX:DE,KEBABA,XX,VOVI,SHFOCD,GTLE,WAWO,FIFO64,CL631/,HOHEHO,PRCHON,CHMO20,ZE,FAFEF,INLIA,ARZO,WABAFO,ZU,SUNIGR,ZW,MUMERI,RIRARE,ESSPCO,CHAT,CHAN,GU01,GAATA,NAWAYA,DRGIPR,DR2AD,THDASP,SUNIEX,JISADS,DSBUZE,HAAU2:,CHBA,TIQU,MUMETH,TITA,BEFRTO,CHCR,MVBA,TITI,CHCO,SEARGA,NFXT2,DIAMDR,HECAPR,HEKIHA,KERPKI,REIITH,4GAFU,GATABA,RU08,GEENTH,BRFEMU,COWAVE,GRPRLE,PI3D2,CYGI,NHFA,CHEN,BEBL,GUGEX:,SHGAAR,4EL,SPHEAR,ASBO,THWIOF,NIFRFR,SPTHDR,CHFO,WABAMA,ADOFTR,BECI,MAIRSY,NEFIFI,VIR,WIHDFU,VIX,COARCO,VIZ,VIY,AMSONI,MEDU,PRARAW,WERIAC,CACIOF,FIEMMO,FLSUAN,FR3D,ENOC,PIFURA,EUSEAO,KEGRJR,KYDALI,DAANEP,BEEV,JASAMU,CHHU,JEQUIV,MEMERE,POPODA,FRFIKE,MEFU,FIEMPA,SHHECO,JUDA2:,TUTUAD,WAWOOF,STGLEP,MEGA,BEG-,TOWARO,CHII,FUCOL.,ASDS,BLDRAW,MEES,BEHA,DAOFMA,MEEV,STTRIN,GOGYDA,MATRFR,CHLE,MA30GI,KARICL,BAYOTO,FARAPH,F-X,DACL2,STOCBL,MEIN,SECYFU,FA64,MEII,WRKI2:,CHTANO,THSPBA,ACHIRE,CHSOME,RO&FO,BUSI16,BABLSW,ULMOKO,BEKA,ASIN,TAADCU,MATAIV,DAOFHE,STTRON,PA15SU,SICR(J,PEHASU,FAAQBY,DODSDR,BRLEQU,INFECO,MEMETE,ROROON,OKCHHA,COWAII,JEQUSO,YUDEBO,BAUTNA,XEI·,POFRMI,STOCFI,FIEMFU,SHFORE,MOTOTE,STHORA,CHQ3,CHQ2,CHPO,SHFOQU,IMTUCH,FIEMFA,WWROTO,10TESN,CHRI,REBUSK,PHKIPO,TRGAGA,BEOA,CHRA,MEOF,SEGTON,PORUBL,MYBOCO,CYSL,TSBLDR,PUSTSW,DAOFDA,SHXTFI,TRGAFO,ME9:ME,BO2:SO,B-FOIN,YONEIS,RO&TR,CHRU,CHRO,STSOVA,TOME4,TSNOHI,CHSU,GUBL,PO(JSA,EV2,MAPETH,FLTWWO,DACE3,SHFONE,PAPA3D,DACE2,AT20,AVAST,HAPOCO,RE25AN,RETICO,CHTW,NHSL,FIEMAW,MEPU,SOX:GA,MEPR,CRSUCR,MESA,BESK,PORUFO,BESA,MATRCA,HAFAFU,DACAI,TVTOEV,THFIRO,GUDS,TWME(2,CHHOST,CHWE,MERE,CHWA,STTRVO,GUASSU,SMREIN,ASRI,PRTHST,ASRE,TOME2,GUCR,FAAN,ASST,FAAT,TSNOMA,FRCO,GUFR,F1RORA,POPOSU,CUROV2,SATAHA,GUGEDU,SPHETA,WIELPL,BUREYO,ENNOTA,HEFITH,LOTURA,TRCESE,FACR,DIOFCE,NECABA,NISHNO,BLDS4T,UN13,VAPRLE,SHTHSH,NISHOF,LOOFAR,SHOG&,GUGE,THFIEL,FACC,ME9:KA,FRGA,GIDSYO,LOTUSP,CESPSH,NAASTH,TREV-,PODA,THFILI,LOTUSH,POBO,POBL,RUHO,MOTOGR,GUII,LOOFDA,BLDRPL,ARFA2,FAGU,UN52,THTRRA,THTAPR,WARA64,CUOFTH,SASP(C,ELLECO,PRLAVS,HEHOSC,FITHFI,BLDALI,FAFU,PODS,TRCENE,PODO,WIPLMO,FAGA,SASOHI,RUTRTH,FAIN,POGO,SY20,CIAT,NIAS,POPOKA,POHE,TEBOKI,POPOKO,BICA20,THTRGI,GRSCH,7WOTR,WOOFGO,HEKYLI,CIBU,GUME,QUYOTR,STHOAD,CIBR,POFR,DRZADS,ESX-PR,DIHAVE,RETHTO,JELETR,CICR,QUBLSP,FRMO,DAPHUR,AGOFCO,WOCU'9,PORUSA,MOOPTH,FALI,REBUBC,FAJO,NIBL,MITRSI,POHI,FRLI,NASH3D,GUOV,CAPOOF,BEMEMA,LOOFMA,STHOFA,SUADIS,GA/RA,PICAE,HIACCH,RADRCR,WOOFDR,SPCH5:,PUFOEX,RURA,THIC&,NIFI,WI3,GUFRV2,GUFRV3,SMRUWA,WI9,BUKAAO,ATBE,ANSHRE,DAPHTH,JEQUEX,DI5:AL,SL'NJA,FAMI,MEIIRE,POMU,JEQUII,SADSTO,FAPE,PORUWO,SOPCCO,GUSH,SHHEFR,RURO,POLU,NIGA,KARYKY,ACBA,TE2(A,QUHEII,BRFOTH,LOTHFI,FARE,POPE,POPA,GUWA,CIII,POPI,FOSPCO,FOMO3:,NIPUCO,RO2:CR,NIKESH,FRRU,OROFWA,00RA,DILI&,DRQU25,PORA,NAOPWA,NILA,WO2,BLSHBL,10CORE,DANOAM,CHWEGO,TIWO99,MOHUX,TE2(W,FASH,FEF3CH,RUWI,ACFO,IMROST,SUROMO,JUDASU,VAKN2,VAKN3,FO1,GEGAKO,DETI20,MEPRFE,FAVO,DIPEPA,POTR,UNCH,MAGOHO,POTO,UNAN,NIPUGI,IMSAST,PORU,LUSASH,NIMA,ESWIX-,NINOAS,NESULU,POSH,ALEVCO,REEV2:,FRWA,NIMO,FRWI,ARPAPA,SMBOWI,THREOF,SUROSP,BR'EAL,HAKOKO,MASAKO,VIPO64,POTRCA,THUNWA,UNCR,UNDA,ENGYRO,ATTRMA,BUMAQU,BUWOFR,NHBR99,BAKAET,HIUMHI,DAX:TH,PHSTØ,AMFRSN,CAMAIN,SMBOTO,TSNIYO,FIPRG,CISK,WESIEN,CABAJO,DIIRAM,ASSULE,PGEUTO,WOPESA,MUKEDI,FIANTH,RAFOKI,JODEHA,FU3,RENOCH,IMTECL,GUWATR,WESIDE,SHEVEV,SC2:MO,TRHUG,G1JOWI,YUDUDI,SHAR,SHAS,MIMA64,DO2:NO,DO2:NE,THGEBL,SHBL,AKJIMY,DEHEFR,SIPOVO,MAGOAD,ATQU,CAMAMA,MAHABE,SYFL,SYFI,REEV(R,SACHSA,REBA,BUBROF,MYHEDO,UNKN,SACHSI,FIBA2:,SHCR,RAFOFR,TOSP2:,MYHECO,STSHGA,TOTRTH,ROINRE,SI(2,SHEVAY,SO4:U.,CAMAOU,WCRE,SI'8,NIWA,MYHEAC,REBO,ATIRET,HYHE,SI'9,GECU,SPHU/,KITRDE,RECH,AZRIOF,REFA,GUMETA,ACTE,VITITO,ANAMTA,ICDAII,SHIS,REFO,CRTAFA,BAKAOR,COCROR,MEPR2:,NIYO,CAMA2:,WAITOU,MIPIST,DAUSCH,MOTRPR,KO2:TO,COBO2,COBO4,COBO3,CLOFHE,NARIOF,PLCROH,POSOLE,ZOVEEN,SHKO,TRCOEU,RO2:RI,FIMA12,AI2-NO,NINOKU,WCTH,NATOWA,F1CH,MADEMA,BRTHLE,VAHEII,BIPABA,UNPO,UNSA,VIST2,CRTACA,EPFA,OMBO,UNSQ,PIOFET,MOTROF,GINOSU,KARIRY,RA10AN,UCYAMY,ELIISO,BAPO2,REII,ELTITH,WESIPO,PLMOHE,SMKIME,WOTRBO,MEPR3:,NIDATE,ELBEAG,ODSTWR,RCREPR,FRFIAB,JUDAGR,TIANET,CRTRAD,GUBEMA,BLUNST,UNTO,SHHOAN,RIGLDO,FOFIFR,JIJIKE,KARITR,LEISXT,STFRNA,GDA,POFILE,BRTHDA,BUWOWE,DIHOOF,IMMAAR,DIHOON,GEON,SMKIPA,YUCAMO,YUODOD,MIHASO,SHDSOR,CONAS.,SUROGA,DITARE,SHST,THRURA,DRQUIX,WESIUK,REPO,SHSO,LUAR,FOFICH,SPSORE,DRQUII,FIMA(J,SOWIA,SHRE,GOEABU,LIRERI,RACH2,BRSEEN,RERA,SHUN,RU3:NE,KARIKA,SHUP,RERO,SYWA,SIHI2:,SHTE,KIFIII,DRQUCH,EPMI,YOWOWO,KIFIIS,AUDE,ONKASO,SHTO,FOHOFO,JASE2,JOMOMA,REOR2:,SHWI,RETE,MUNOFR,OGBA64,MOTRDS,GUFR3R,PADERE,BLOMLE,RETR,QUGASP,MAGO2:,DAGIPR,MA#4ID,X-UFDE,BUMAZO,REST,OMLA,THACDE,GLTOCH,HYYA,CAST3D,BESPVI,VABA,KIRUA,AONOEX,REVO,KABU,SHNA'6,SPKICH,THMYCA,VAKNEL,ONBISA,OUGONI,RULE3,CIMACH,MYSEWO,VAKNDS,ZEGTSE,ORSTFR,MOTRAR,DESUOV,SUMABY,F1RA,NYNAGA,NIWITH,GO3,ULPACH,GO4,MAMOUR,HA*RE,HYHYSE,GOVAIS,SHHOVS,JOBA,BRST2,SUMAAD,RAAL&,KADA,TODE3:,LEIS2:,FINEES,KIBLBA,SA3:JI,EYOPSP,DSRAJI,CRTA3:,THSIVA,BOTHSU,FRDRFA,TRPUBE,TU2:SE,JIGAWI,XRE,LUKN,SHSOPO,ADIS,THSIUN,K-WOGR,TATEMA,OMQU,KAES,INCOBL,IMBAFA,GHPIOF,KAFE,AULA,VECOLE,KAFO,4NIUC,CODA2,ZEIITH,SHTRVA,CAROTH,TOMOHA,SHTRRA,SUBAFO,SHJUYU,GRV,FOSI2,SCRIXE,CEMIDO,BEBODO,SPCARO,SHHOSE,PUQUGA,THSISK,CR+CH,THSISU,KAIM,HEYOPI,ADMI,LULE,PHWRRE,LULL,IMMACH,LULU,SUR.PR,KRIV,BARA&,KEKOSH,LUMA,GRTU6,SIBO,SPCATH,GRTU2,IR&BL,FO1CH,KAKE,FOBOMO,GUTHLO,HATHMA,D1PRDR,SICH,GEMAMA,T'FUWR,SIAM,SIAN,NETHDA,DRQUX:,FIMAWO,SUMAKA,SIDS,ED&HA,SOKOUC,DISPBA,NBSH'9,BAFASH,MEKA/,SC(OSA,SEKINO,UTKU57,SICO,VAKN,MACAPO,SIDA,SPSQDO,SUFA5,GUSEFE,SIFU,ADRI,ROTOTA,RETOPO,VANI,SUFA4,TODE(J,SUFA3,KEKONO,ESFIRO,SUSTCH,NADRAL,GUHEEN,DRQUSW,MACRTO,SEGR2,SEMONO,THSIMA,SIHIBO,THSILI,DRQUSH,15DA,GAGHGR,TE2:BI,SAACPO,POPULE,VAPO,VAPR,HIIN,CAOFSH,SUJIGA,JYENSA,TAOFVS,SIGU,SQ2:AD,PEREEN,SOIIU.,SIHA,SHSOII,SIHI,VICH64,SANISL,MACATE,SANISP,SUMAMA,RAMASP,MAPA8,MCGRDA,MAPA7,MAPA6,MAPA5,GUWANI,MAPA9,KASN,MAPA4,MIPHPU,MAPA2,ARTO2:,YA3,KANONU,YA2,F1CACH,YA5,YA4,PU&AC,KARO,JEMA2,VARA,ADWA,NOINTO,SPKI3-,PUMIGY,TEZOIN,SUMA2:,SIMA,ROTOVA,DRCLZE,JOTE,SIMI,SLSHFE,TRDSKA,HA4,PESHMO,HA3,HA5,CRNORE,VASP,MACAHO,VAST,KISEV,JERIAN,SILE,FIAP2:,TAOFLE,VAKN2:,SL3:HO,SASHWA,OGBASA,T.-TA,OGBASE,KAWA,JASU'9,ST2DE,ANTEPI,COSOUK,POX/Y,WOSPCO,KINOWI,MIDEJI,IRTINO,KIAIRI,PIDEBO,YADIWO,KACOKA,THSIDE,THSICO,JIGADS,DOWHEV,PEREOC,MAKICH,SIR&,DU-TH,ACMAEX,MIOVMA,SEDENO,MYBO,XBMUMI,KINOYU,HTTHFI,BUBRCO,ILST,ONES,IMBAST,MYENCO,WIBAAD,RA1/AK,GRRURE,SIPO,BAATTH,DIDUDI,MYAR,CRLIGA,TECLAR,HUXGR,NBSH98,HOOFVI,SEHI2,GUWAFA,MAKHST,SESA3:,MYDO,GRFALE,SISO,SPSQ3D,HITR,BLPOST,MYDR,HAMO2,30MATO,GATOAS,HUXHU,GIGIQU,STSHSU,SISIWI,HOOFWA,SIRO,BRSUBA,MYCO,STSHST,DOWHRE,AEAS,PI3DBE,MYCHCO,LEBA,MYFR,JGALGR,NOFEDO,RHHETH,TR&BA,MASPMI,TSKI3,FO106,HITHTR,AVCO,M&AD,MOHU2,SPCAGT,NANOMO,LERA2,JEMO3,SHOTNO,DUSITH,JEMO2,EMOFGU,DRFI&,MIVITH,1VS10,SIWR,WECH,M&BL,KIFI(J,CHRETO,LEBI,TAOFET,ZEMEGR,KOCLSE,TAOFFA,NIPEPU,FIBACL,FOSPGO,NANOKI,LEEN,CATURE,QU64,SESA20,POWIPI,BAREKA,YADIPO,AEGA,MIDEDO,LEDR,CAHAOF,POBLWH,SASHSE,CAOFCT,MATSTO,GIGITO,JASU2K,VRGO'9,S.SHOF,EMRORE,BA/CO,PA3D,HO2,FUFUPA,SDGUSC,SDGUSA,MYBABO,LEHAOF,MODEX:,KATRSH,SORUAD,LEFR,GUTH3D,LEGE,BUTHHO,ONPO,BAPROF,CHTODY,ELFOUN,THCLDI,ONSP,UNGOAB,MYMA,BUTHFO,MODEWO,GOUNDO,WWSMSH,SCDALX,J-'9DR,B.LEOF,IMAR,S.REPO,PULUSP,POICH,CAGAWI,NEANSP,SHEXLA,IMDE,THAWFA,MODETA,NOFAON,BUTHMU,WWNOME,JACO2,SDGUOV,ONTA,DO64,ELTHAD,IMCH,BUTHME,IMCR,ON3:DE,YUNOKU,HUHOMA,MEGIMI,SHMODE,MASU3D,NBSTSH,ONWA,LIPACL,ORKIKO,KINAMO,PR2:DA,DR(JSA,ZEHEPR,AQTEHU,ARCO2:,LEMA,DKKIOF,CHQMA,GEQU4,LEPA,CHRIII,GAPACH,LEPI,KUFUCH,TAOGTH,MYST,IMGL,GUSUHE,ROCOAL,GRNH20,SEGOCL,IMGY,THPRBR,MASTCH,BEAP3R,10SPME,TODENA,CHTOMA,MAJIJI,MUFUVE,MYWA,BLCLBL,SMWOIS,MUDOPA,BEAP4T,AIDEPU,FUAU,WWSMJU,MYBAGI,SAOT-,FUBA,CATHDR,GAFUFE,GRIIAN,COBAFU,HIHEBA,THLEST,NIPRYA,PEPOBE,HOHO&,LETA,PEFADO,WESI,BOACZE,WESK,JUISAD,FEHYGI,TEDR4,TEDR5,TEDR6,KEGUEN,JE2NED,SDGUGN,EIWAKI,LESC,SDGUGX,COMACI,SAKANO,COMACO,PGTO97,'9KO,CAHEEX,10SPPA,KONOGA,FRMI2,FRMI3,PRCO,FRMI4,TETOGU,SESAAD,SH2AN,PGTO96,DDDADA,MYYO,KASODS,PAAL,WISPCL,BUTHBI,FUFR,MODEHA,COANLA,GUSEBA,PRED,USGANO,ZOAS,DATAED,SHKIPO,PREN,SUBAUP,ZANORE,PADR,BUWABO,ARTOQO,SUMAST,PRDE,NEBACO,SUMASU,KONOKO,WECH2,PACO,SUMARP,KONOKA,IMRO,FUKA,MYWOMY,PAEV,PRRHMY,THWELI,MYMAOR,MYSTCU,SEOFTH,GAPAIN,COOFPR,SUBASI,GUTHBA,BAAS3,ESINTR,3DCLCO,DODA,WAJUPA,LEYO,LEMA24,IMRA,BETWSO,3DDOGA,IMRE,DODO,DODR,POBL2/,BUBULO,IZSHKO,MESLAD,ARTOME,RAOFTH,IN50,AKTHHE,PAGE,MODEDS,BIAI,FEFAUN,IMTE,FATAZE,COFLSI,BLRO4,DOIF,BLRO3,PRRHRA,MYMASU,CLEM,MYMATR,RULETE,SUGR(J,HASTOF,DOHE,ASARSE,OR&EL,MEAXME,PAIV,EAJI,L'DEGU,PIDUON,BUTHRA,LEOFMA,CADICO,PALI,OOKA,BIDA,CLGA,GTCLSU,LEOFLE,WWAC,VIJODO,DOJO,PRMA,QUPA,XICO,FE11,SLADMA,PRINLO,ZOLE,AMADTH,JIHEMU,PROV,SEANDE,BAINTH,CAGAMO,KOCOSE,MAMAAD,MAMAAC,COMA4:,ANMANO,LEOFOZ,F-GRPR,CAGAMI,PRPI,PAMA,J-PRST,PEFAMO,DERI3,ZOKE,DRUNPE,DOLI,YSVSSO,AONOKA,SEOFMA,IGREBA,QURE,COMA5:,ARRIFA,RIKIWO,SAJOWE,KUFURI,IMZO,MATEUL,WISPRE,LERORA,PAPA,DOOK,PA/RA,ULBLPA,KOCOYO,CLKN,CHQ64,COMA2:,FATRTR,DOPA,JIHETH,WIMOBL,MIGO,PEFASU,SHKICH,BUTHUL,GTPRSE,IN2,PIMODE,KIICUP,EAPI,COMA3:,THMYMU,KISQSQ,WISPTH,PARA,BLERTA,EASE,NACLFI,DORA,JITHTI,DORE,PRRU,BUTHSC,QUVA,SOCHTH,EARE,PRSP,DOSH,PRV6,MUINVE,PATO,ZATOOM,DRSI20,INBR,MIMO,GUNY&,DIDAFL,MEMA&,ME2:LO,HABAMU,MILA,SUFOSO,DOSA,PATA,WIVIGA,GIFUDE,INDA,THINWO,ARCOVE,DOUN,ZOTY,NB10TH,MYSTSM,ISGOPO,PADROR,HIGREM,MOKIJE,GLDA2,ATANAL,ATANAD,SUGASU,PGPRGO,RRRIRA,INCR,PRWR,ELIIAN,ME2:KA,MATEOP,BL2AN,ARCOPR,TH$1PY,PAPUTH,LUMADA,KAJESK,BLSIBL,THOPNO,17A.,WODRCH,WIVIBA,PAWO,INEL,LUCUOF,TRSOOF,CLTO,GRKNHI,B'PA,MRDRDR,BISA,HAYUNO,CRBOBA,MISL,MEMA5,MEMA4,MEMA7,MEMA6,INFILI,ELIIDS,MODE15,MODE12,MIQU,MATEPO,.HVO(J,BOFARA,GUBAUN,SKDA,KIFITH,BIST,ARCOSL,PADRSA,MIRU,ARCOSI,CITHEN,SUSEBA,PUPOUP,MATECH,RU2:EX,ACHEWI,KOTOSE,WWSM,SUHEBE,PRONIC,LOPL+,RATY3,IZ2,WWRA,SKEX,GUBATA,COROTO,HOGI2,DOBIAD,DIDAOF,VE&BR,OLSUGA,WILLSA,ARCOMA,MIMAV3,ARCONI,ARCONE,GUBARO,TOOFLE,ASHY64,SKGU,KNOFHO,PO2:WO,VICO2,SO3:U.,FR2:SW,GOTIVI,ARCOOF,FEEF,CANERA,TOGOSU,SHKISP,BO(JSA,BRLACR,SHKISO,DRSHSP,FANATE,RACR2,COOFGI,GUBAON,GUMANO,FACRVE,LMMA20,AN-GA,MAST(U,ZOQUPU,KISPCR,LORU3-,GOCHCO,BEOFTE,JA3,GHII,PSDE,1/SU+,MIZE,ENPRRA,MAST(J,DOPAFI,NELOPL,ANPLEM,SKOD,MAGOUN,PO&RO,ETPO(J,SUSUII,JELIRI,L.SHHO,NOONCA,PSFO,ELTHMO,INQU,DESTP,SIVO3,SIVO2,OPDA,SOFRRI,MEPRPI,YUDADU,TYRCAS,V-ED99,SADOPO,MAGOWO,THSKCR,JAVO14,JAVO11,JAVO12,MAOFMO,TOGOMO,IMSW16,DODOPR,INUN,INSP,CERIBO,INSO,DEIIDA,FOFI(J,KUHIIM,TOHAMO,JOBRIN,NAOPCO,CAWOSE,BADOBA,R-IITH,MEPRTR,LILEFR,EXTRRA,GHSQ,PA'NRO,JOMAFO,PLPULE,ARYOAL,ALCASA,EBPHKA,PAPO&,STBIAI,THINIR,K-GRPR,GHRI,RHTE,INSPBA,SKWA,VIPOTO,BASK20,THPARO,DAWIDE,NHROTH,ALMOBO,DANOKU,CLWOGA,PAEVII,THPRSK,GEOFCH,HODURO,DELADE,SHDEWA,DABLII,DELACH,SPANDE,THQUTR,TRCRCH,SPGOTO,MEPRHU,SHSUX,FO1:CH,ZOLELE,ME2:31,MAOFFA,IMMUFE,DR&JO,DESEVI,SHHAAT,OUHOPA,RIOFFL,KIBOAR,MAROPR,PEBEGO,PEFA3D,KISPRI,THMIOF,KUFU,SEBABA,BRSWII,MA3DWA,WESK&,HASSSW,DO2:DE,LUAR3,KICACU,LARETE,MA10A,DODOSU,SEBACH,THBIOF,DETHWA,PHFOWI,MAGOSH,TVSHKI,NA*DR,CAMA3,MAOFIL,MAPILA,TREXEN,URCH,KISPSE,MAGOTO,PAPEMY,TOGOBA,CHPAPA,KIBODA,TERISA,TOCO,TOCL,EGMOHE,JAFA20,GHTRPH,BRDEFL,VASATH,FRMI5:,KADEII,HAEITA,TODE,E0ENZE,SNCHRA,SH64TR,KUII,PITHMA,JAVO1,DRTHLO,JAVO2,NCFO99,NCFO98,YU5DDU,JAEM,KIOFPA,NCGA99,HA5:GU,FALIPR,SP2:SE,JAHO,KUMA,SOOVPL,KUKA,LUARIN,FACOUP,WOASP,TANOPI,NEGEOF,DEDE2,TO2:TH,URHA,OPVI,SIAPPA,KUKU,ORWASH,TO2:TO,SP2:RI,SWOFTH,JLERE,GESUI,TOGR,FRPRAS,SWOFMA,TOHE,WOLESO,BASUSP,TEMURY,BASUSE,TEWROF,AGCHPE,JAII,THHUME,MOSTDS,CRSKHI,WWINYO,WICOII,HARE-,BR4RE,VIFI4,RUSCHU,TU3:SH,VIFI2,NHFA99,NHFA98,TOHO,BADE&,LEENI,MEDSKA,TOHU,PAPLCH,WICOIV,THNEYO,JAKE,DRSEGR,KUPA,EXVO5,F-WOGR,EXVO4,SETOCA,EXVO6,CASOSH,TOGHJA,JACHAD,DRSESH,APES2,CAHOSU,APES3,CODAAL,JRPA,PRCASP,TOLI,TOJU,DIPRMA,TRAEAS,ROASOK,LUIILU,BAGRRE,ECNIBE,INAFE,ISPUN,NAMOAS,TONO,MATHLA,NHCHDR,BOOFSP,DRSETE,DRSETO,ISPSP,TOME,WOPRJ2,POPIRU,PRNAST,WOPRJ:,FACOPO,MOMAIS,ETEY,SPOPRA,DEDERA,ASBOOM,SIHI2,FRMIAL,SOSADE,SLMA,SIHI3,LOONME,WOPAGA,RUSTTO,KIANTH,THGRBA,URRE,SEAGBA,MAHEKA,MUALTO,TANOKI,MOMAGR,BITHWI,ONBLWA,EY&FR,SHONTS,GTAD3:,DRSEPU,NIKITR,GIMA,WICOPR,DR'7,BUSOTA,BAFOTH,LOONMO,DRSEPO,GTAD2:,UKNORO,AGCHEV,TOTO,ANCOR:,DREMTY,OPFLEL,HITEST,TOTR,MECOTA,FISO96,FISO97,DRSEZO,ATCLEV,ARME3D,CHSH2,SLPA,SIHUWO,TOSH,MOBAFI,KUZH,UKNOSH,AGCHDE,LUTHRU,GIPR,ONDAOF,FRMIGU,40WI,SOALTO,DRWAI&,GION,VRSO'9,REDEFL,SLRO,GOWAUS,SCNINO,REST2,ONNOKO,ANBLNE,TOXA,AGCHAN,SMGIWI,HYFOSO,TANOAP,KI3,KI2,MOMABA,DI2:CU,FUKANA,HAHAGA,SBSNKI,MATHDA,MA3MA,LIALI,MOMAAD,HAHAHE,FISO64,JACHST,FAPUOS,YU5DST,ETPO,DUHUAL,MOST3D,TWEDEX,ANNOSE,SISUPA,ETOD,ROPODR,2-GAPA,DIAFOF,SP2:EN,DI2:DA,WIWIRA,RISP,GITI,TANODO,ECNI,CHHEGY,TSRALO,KIMAAT,ETRI,MANFFO,VEAS,ATQUFR,PU3D,KANAKI,YOISDS,AKTRPL,THSTOF,FETHMA,HOTSAS,SUCOTO,GUBACH,KEVADA,NHPO98,U-GINI,MECOKI,AWITA,TNMOSP,BEVFSU,MYLEBE,F-GPLE,COFO/,TOPRPU,HAHAUN,OPTUCA,HAROTR,VECA,GUBAAS,MADIMI,FI2DE,WASMMO,DSYAMI,THLOWO,VIST20,KEKAAY,FETHRA,DEDEAR,SPOPAI,FOMIMA,SIHUII,ASCRAL,WOCLTR,RAGEAD,MAKNDE,COLYFA,WOCLRU,99NIHO,DRWAIV,TODE2,PEDAZE,GAGERE,ASCRBL,THNEBI,GRGABI,SPOPCO,HEFULO,SKRESI,BLTH3R,DRWAMO,CLPEGA,GTADCH,DRMURE,LUTHWR,SPINRE,YACACI,NAALME,S.STLA,SMBO,VIPIPO,ROPOTE,HADEOF,SITHHI,THSEIV,MYWELO,RECRTH,NFGA'9,THSEII,KEKA,BLBRKE,SMCA,LUELSY,MENOCH,OKNASH,VIPIPA,PAMATH,KEMA,CHTW2,LI20,PAMAST,MECOAO,WWSM2:,YUDOPA,CHPLIN,BLWOBU,VIVIA,ANKYAS,GOSUTH,SO&KN,WIPAU,ONZ2CH,HYNEVS,PIHUFO,ARFALA,SUSP2:,PETOMA,FRADTE,WI20,CLCOFI,NIANCA,MIGBLE,WIPA3,CHZILA,VEPA,GOPLLU,YUPAMY,WADAOM,F.PEMA,BLMABL,ML99,GUHADE,BRBOBE,DOSHBO,THTYOF,SO&MA,HYNEU:,MASUSL,DRLATR,DEDE64,NELEDS,SUTRRA,INSADI,CO&CR,KURYGA,DO3:NO,AKITDS,GAGUDO,PUCI,MUAMSA,OUSEPO,MYFUFA,NIHAKU,BAHU64,DRAR,AMXTBO,BU'NRA,REDUPA,WI64,GOELFO,RON'RO,FAJUEI,HAROCA,IMFADO,ROPOZE,YASAHI,WANORE,GICIKA,DRCH,DRCO,FRJOTH,SI4:DE,MARACR,DAAR,GRBAFU,MANF98,MITYPU,MANF97,DRBO,DACE,VIPITR,DACA,LEOFYS,MARADR,TOTOMO,KNAPME,PUGU,KIHAEI,DEEXTH,DO3:RE,GH'NGO,SLMAP:,E·EVOF,HIHA-,DRDA,PUFO,THSEDE,FUFR2,DACO,DACL,ORFRDI,NIOFAZ,COCH,SH2:BE,MUSALE,MACA2,DAFA,SMPA,VEWO,GAABKY,MARAGP,CODA,DRFO,STFOZE,MRDR2,BLBR,POHANO,DAGA,BLSTMA,SMSO,SHOPRE,COINTH,BOANBR,WUSHST,NFGA98,KEZE,NFGA99,SENOGO,DAHA,BLCO,COFO,MEOTM,BLCH,YADESO,BLCA,COFA,KU2:RY,MOHASE,MITYHE,BREXWI,MA2CO,LI2,CAOROF,BLDA,THSE7:,SENOHA,JAPOCO,MAZHPR,BLBAWI,WITAOF,TH7TGU,AIBA,LUTH3R,CADAOF,F-MAVE,SENOIC,KELEOF,SESMPA,AICO,ZORE3D,HAMOTR,WICL,MOGONO,MASUBA,NBJA99,ML2K/,PEVEDO,AZDR,GUROTO,PUPI,LIDE,GOTHGA,DRLA,LIBE,LEBANI,AIDS,FLCORO,STFOCO,VAMOTH,JAPOFI,FIFION,MIIYCH,MITYBO,DAMO,TOTOCA,KIOFCO,MO4XWO,MO*OS,THFOV:,WWSMHE,PURA,YOWA3,BLHE,RE0KI,THFOVI,PUPO,FUSHBA,COLY,WIPO5,FISOWO,WIPO6,BUJURO,WIPO2,WIPO3,STFOAD,DEEXIN,JAPOHA,IZ2:TH,KIOFCL,STFOAS,DECAAL,NBJAEX,DAON,CRLEOF,MIPLPA,VITE4:,COOPNU,XSAIRA,WIFU,CHSUNE,LO2,LAES2:,SYFI3,DRQU,SYFI2,SPRIGO,TVANFA,YSMEOF,COMA,BLLA,THGRMY,LIPSVI,BLKU,LIGA,JUROKO,SH2:TA,WIFI,POGOSI,WIFIPL,STRAFX,STFOFI,ARMEMA,WIIS,OT2:IM,DRTA,DRRE,WIHE,DARI,SENOAM,IMFAST,ISPCA,DARE,MO4XST,BRBOGA,GIUNPA,IRMA/,THGRSA,RACHSA,SITHLO,SITHLI,DASK,BAGRGA,THRAPR,DRVA,PITHBI,ISPFU,RUSEFO,YOPE,DOVAAT,BLPA,KIPILA,BAAPWA,BLOV,LIKA,PUWO,FRMI20,SOSATH,MIGASH,MAFO64,COTE,DAUS,POHAPR,MACRA,LU3,YOSA,WIMU,FIDE2,COXMA,COSO,BUJUJU,COSL,YOST,UN2:AM,BLRA,DOKADO,MESLXX,BRDE13,JAPOPO,DRWA,UFTA2,IMFAPA,ANCRHA,NALIST,TODAMI,COVA,ARRETO,THULRE,HAMOHE,SENOWA,BEFIOF,ECTHTI,HAMOGR,LOINSH,OKPUST,BLRO,COWI,O.26-,OFINEX,SHTOSH,PEPU&,SASEBR,BLST,DEJISA,YOTO,BLSO,DEBAZO,YOWI,PRFICH,YOWA,AIRA,HAZUOM,MIADFL,GUALST,GAWRFE,TONOHO,TODAKA,AISI,FRAD2:,MLSU,SUSPMA,WIPL,TA(J,HAZUPO,WIPA,DAINPA,MEDUKA,FATOBL,MEMODE,DI01DU,LEVOCA,CA/CH,WIPO,THLAST,LAPURA,OVGFI,KINESE,SENORO,WISP,RPMAII,BLWA,WI2:PR,CLKICR,MISHSC,STWAFL,SAWA3:,SENOST,ACAT6,CREDDA,AITY,PATEGO,COTAFO,WIINTH,GIFRBE,KATETW,COZO,POCAGB,NANOSU,STWADE,KIGAAR,ALLS.,EVDA,BUHAAO,NANOSH,SNKI,STTHZO,HAMOGB,DRBARE,CHDU2,REFITH,TWME4,CMPRKA,DESTGO,UTPO,JUSTPE,TWME2,DEBATH,GAWANO,SUCAIV,TEFASH,HACRTE,NEKOKU,PEDA,LIDSHI,PRFA1,ZEZETO,WELOGO,POCRVE,TONODA,PEBU,POBORU,STLAJE,TONOCH,UNBLCA,THMURE,ODABEX,HACL3,DESTDS,HAMORO,CRCOJO,SPORTH,10TOGA,CLKIPI,MODIWI,HAMOSU,WIXL,EVGE,IR3D,G1JO3,G1JO2,HAMOSA,REFIPA,WELOKA,MYFRCO,BOGACL,STWAOB,ANCRCI,TUPRRA,HO3D,STIIHE,ME7,ME8,R-CO(C,LACOD',TICRRA,HAMOMO,DO4:NO,PEINTV,MYFAAR,CLDUX2,DIADAN,SNPO,HACAOF,UKTRSI,VARAAL,MECRBL,POMOII,BAWA2,STLAMA,HA2MU,STWAMA,HAMOMU,ANCRAM,TICRPR,DAPATH,THWAOF,KIDIAD,CRCOFI,DOTHGI,WIBL9,YSTHOA,LITRON,DUNU64,MORAWO,DIACH,SASESA,ARSHGA,EF-A,GALAWO,CHMEWO,WAMIPO,PLOFTH,PENI,PENU,KIHE35,CS3DI,FI20,TICRCR,THSEWO,SATHTE,DAPAPO,NENI2:,EVON,MOSUZ-,HO'NCO,DEMAHA,JIJ-PE,RESOKA,IMREOW,IDYONO,PEPE,GOGRAD,SAWAAT,SI25SE,TATATA,DJMAFE,HAMO3D,SU+SP,PRFITO,MORARO,DOKO64,KIHE3D,BOTHBU,AICOAC,DAFUPI,WALA3,DEST98,WALA4,DEST99,TICRII,THKOGA,DEST96,SASETH,HAMO64,MO3,MO2,LAWITH,.HPA3,BABETH,GAARTH,THLAGU,SATA2,.HPA1,EVSN,.HPA2,GOSUDA,YUGXDU,GRIVOV,PRFIWO,HATSIT,THULBA,RYSOOF,FAMISD,FI99,POMOST,THSERI,BUUGMA,THHERA,MOGRPR,JUEL,FAMISU,FAMIST,PETR,PRHOOW,HAZUDS,SPVEST,DEST64,THTHTA,ONBIZO,DOKOBA,JUDA,SOBRDE,PESP,JUDS,REFIAN,JUDR,ARACLE,TRCH,SUTSHY,ABOAN,EVIIDE,LAPUTA,HAMOBA,HOAL,FOON20,TABE,DOKOCL,IGSLLU,MINISI,BLGCTA,EVWO,PEJAAN,ESFRMO,FAMITW,JUFL,KU*ZU,NBCO2,UNNOTA,HAMOBO,SOBL,STTHUL,EVZO,SOBU,SOBR,RETADO,YADSBI,FAFEDE,TREX,FAMIWR,SOCD,MYFRTO,AEELCO,SASEOM,PEWE,PEJAGO,IACO,TRDS,PUPUVI,CLDUFU,HOBE,RETACO,RACH20,KIPLRO,RI/BA,BOGATO,JUHU,FIVI2,ON2:SA,FAFEF:,GLBE,ISXTST,PEZO,GTCHED,ARACHO,DOSETH,ARFAVA,DEST04,SOED,TRPAXB,DOLAAN,SOCR,ORSCOF,BRSTBO,AFHOAT,NOTOKO,FRABI,MORAHO,SHNOCA,UCKETA,G1GRPR,MORAEV,SLRO2,SOEX,GOBAAD,IRII,HONOCO,DOKOJR,SUTTSU,JUMA,FICH,ATIR2:,MUORZ,FICO,DJMAPO,REEVSU,HEPOOF,JUPA,HAGLWO,MYFAST,REEVUM,DIBU&,TW*CR,WESCPO,DAEAAR,OTMYOF,QUIIRE,AITRCO,MAENMO,FUF.FU,FIEM,FIF.,FUTHPR,SHKETO,PRLITH,AITRCH,NCBAFI,BEVFUL,SAWAST,ELGOUL,SALATH,FIDO,TRME,MORABA,SOJA,NENIDI,LUBERE,IRPH,JUSI,DJMATE,DOKOGB,JUST,DTCA,TRPI,BUBOOL,NEPOKO,YUREOF,12HONO,SIMERA,HUUPHE,SNVSTH,NA2,CAMOBU,HOLI,FIFI,HOM.,ROVSJU,L:THPR,FIFO,TALE2,SOLE,WOST5,PASADO,WOST4,KOCABA,WOST3,WOST2,SP-A,COEVGT,ANKIWI,BUBODO,TRRA,IRRU,EMTOWA,HOLI4:,MOHUDI,NASORE,TRRE,UDST,LEPLFL,DIDNIN,DUMAII,DUMAKA,PEPAAN,SAWAGB,MONERH,SCDOAN,SETRCA,VAMALI,NASOPR,TRTE,DUNULA,YU7TR,RASETE,FOHO3,BOSTDS,ACOFCH,HOPI,OCCO,SOOV,MYNIST,HOPO,BUBOAL,DUMAHU,PAPIAD,SP21,OTEX,CHMEMA,TRSN,SASWAN,TAMOLI,HOSQ,LU(JSA,FI06RO,HOST,SOSA,EPMIPO,P.IVPA,ADTOGO,DRFOII,PEDOEN,SCCLCR,SOST,VIXTO,RUFA3:,ACOFAG,CHASRE,TAMOMI,HORO,TASH,OTGO,DEGA2,FI06SO,HORU,RODOBE,PA3DOO,TRUN,SAWAKA,SORU,TATE,RINOLA,FIME,RUFA2:,HOSH,GRTU3:,GA&RI,VAMAPO,JOFASH,PAPIFA,METANO,ZA&WI,COWITH,HOTY,HOWHUL,TRWO,10MISO,THGUFA,ULSHCO,SOTR,TO'NPL,BUBOEV,BLTHBL,ZEDEMA,IMWEDE,CAFIVA,COLIAN,KUYOGA,SHNOSO,FIRE,SHNOSH,MAULFR,STIILE,GLUN,DUMASH,FIPR,WA40FI,DRMA/,DUMASE,STWARA,RPTS2,PEPAIN,DR7TMI,GOSU(J,LETHLE,OUMATA,DUNUTR,DUNUTO,INRA20,DUNUTI,REEVCH,MIMA3,I.REIN,CATSAR,LAWI./,SUDUSU,FLURDA,ANCRWI,SHNOOR,UNDRFO,CRSE2,RIZATH,KUCOCO,HATACO,EX64,AITY2,MIBEPO,FIVI,NHFA'9,POSPPR,DTRA,MAKONO,PEPANE,FITY,ARHIFR,DU20,FOONWO,OVDALE,RATYII,FIUN,KI&TH,MAWANO,SMBOGA,MAARSE,STWATR,ALRIST,BLTHLA,KISTST,NONODI,TSAT,KI(E,NHPO'9,JEDE,NEATRO,DULOKO,WIAR2,SEOTLE,STWASU,STWASH,FIWI,JED',WIAR3,WIAR4,KYSENO,MO07,THCHFO,SHNOKA,AMARRI,MO1+,ALJAPR,FIFO2,SASHV,STCHBA,KUNOPO,COEUWA,DRSEBA,NHCH20,BAKOSH,RUFAFR,NICRII,THCHFE,HOWHBU,SHEV2:,DU3WST,MCVSPA,NIEXOF,PEDOPA,GATHSE,BESA2,HYIDNE,ANCRNE,GAHEPO,MIASLA,AQHOKA,SPBU,THBEBE,MO3-,BIFAGA,SIPOHI,CATSJ:,COCOOF,LEKNKI,POISTE,PASAYO,JSJESE,KISTWA,KOKIOF,OSTAOU,10CLBO,GOMAKA,N2NIOX,TEREFR,SHNOKU,BUBORE,MOSTMO,CA64,TOYONO,SACHCH,10PAME,ROZORA,DRTHAN,DUNUZE,ODABOD,SPCR,LUBEJU,ELOFDE,SPCO,JIPASE,D.KANO,STIIWI,NOUSNO,APDIGA,THBEGA,JEIM,MO4-,10CLGA,CATSNE,BLTHTI,SPFI,SAWAXT,GRTUCO,DRTHDA,TICR3,FIFI2,TICR4,BO64,HEFRFO,AMARTR,PEDOTA,OTYU,GRPHWR,HATRPA,DUWORA,SIPOED,EAJI3D,CUTHRO,SUVSMA,ZHPEFE,EXBA,MAMYFO,DEDAVE,TAONHE,APJUAC,P.-PR,JEMA,NOHANO,HEBEHE,AKTR,NA98,THCAPR,BUBL2,ONPIGR,FIPRWR,JEMO,LOLIAN,TSMO,MIQUYO,MAVSAR,RIBURA,ZOTYCO,VIFIKI,DEDRTI,ETODIV,GARA2:,CRCHTA,PIFU2:,MAPA10,EY21MA,FA4.AL,CRCHST,WASHOF,ROMADU,DECOPH,TORUFO,CASH2,FIPRS:,ONPIMA,DIIILO,DECOPO,ULSTFI,ZOTYDS,ARANTH,EXDS,KOBRIN,NENI2,SONOEV,MICLLA,WOWAII,KAELOF,TEWO(O,JETH,BEADRA,CABE-,REHEFI,SHCH3-,GUTRAG,IMMYRE,ACPAKH,TIPRPI,DUDE,DECOMA,DIIIMO,PUMAMA,CRCHPH,ULSTCH,FAWEJR,MECO&,NAAS,SPPU,CRCL,BCTHBL,DID2A,INEL2,MO/OP,CRCA,THCAIN,DENOKI,ULBRGA,DOMAPL,DICR2,DICR3,TE3DPR,MAHIOT,MAKAWI,F1POPO,STCREX,ARMA3D,CLCLLA,BA&GE,SPOR,BOB-,INGAGA,HOGIDS,CRDE,JUTHGR,HOAGRE,NOAMRI,STBOCI,CABL,CABI,BLBOLE,TOMEPR,GOGOHY,MOBA,ROMAGE,RUCACA,BOBL,OUHO,MOBO,NOAMTE,SONOMA,CRED,CACH,NADI,SPSQ,DIIIRE,ESIIBL,REHEBI,MAMYAN,MOAP,JEX2,DICHAL,CREX,DUHU,DEDRLE,THMOKI,S.RE,MODO,EY21PO,BODE,MODS,OPARLI,CHEITA,DECOGO,MAHO3,FUHUWA,DIIITH,ONPIDA,MOCO,WOULMA,EXMO,DICHCO,MOFI,CAHE,DUMA,THBOIS,ONPIGE,TRSWGO,EXPI,CHOFNO,MOFO,¡SCHFL,BADEDE,BOFE,SPWO,DUMO,NAHE,FIQUOR,TR4:MO,MOGA,CHOFMA,IMPABA,CAII,PEQ:SH,MOEX,KOMAMA,BOGE,TESAPO,CAHU,PUBRGA,TOMEME,ROSTDR,PIVSNI,KIBE,LOXCA,MESAHA,N3IINI,MOHU,BOHO,GONU64,JUDA2,ALEG,CAIV,BOHE,CAIS,BOHA,CRKA,SONO&,FRTIRO,MOGI,UN3:DR,CAPAII,PILEOF,TO&EA,IMPAPL,HEARTH,AMBO20,BOII,MOGU,YOINTH,CAJU,WOCHGA,NAIS,STFITH,MOHE,NHOPIC,PE1GR,MYLIBA,KUNAIS,VIHOAR,EXTR,GOST'9,NALI,ZOTY2:,BOJE,ACCO2,ALGE,ROTY2,NHRI20,ROTY3,RADR20,CAPAKI,TSKIMI,SPZO,VICO,TUDIHU,FRIITH,DSURSE,XECHX,KIFI,OYDEAS,LACRBL,ALIN,PAKAKO,MOMA,ROSTII,THCO4,ARANDA,CISKSN,VIFI,SHCHAM,DURA,MOKI,RADA(J,ROBAUN,CRCHAT,MUSOZ,GRVIPR,WOCHCA,ZHPEQU,POBEBL,HANORE,ROLOSE,ULISP,TOHE2,MIPRAR,EXXG,TOBEDO,JEMAEG,MONU,AICHTH,AGTEGE,MAKASU,BE2DE,ODSP,PAKAMI,PESACL,KIIC,RERAOP,WAHICO,WOCHAT,SHCHCO,CRSC,SEKA2:,ICAG,LIKIST,THCRCI,PUQU2,F1CHSE,GUWA2,MOMU,BRCOPA,SNKI2,PEHABU,T.HE:,BRCOPR,CITOCH,NARA,GRTU(P,MA&WA,EY21DE,COSHSO,WIEAAF,STSPCI,MEPHWA,OU2,TURAWA,NARU,CADOPA,YARE,JUSUST,GOANGL,CRSE,KIIN,ICCL,CASP,OV2,VIHY,SHSWKA,CRTR,OUVO,CRTE,CRTA2,KILO,CATS,UNNIIN,PAKARI,EY21FI,BRCOBO,STOCTI,BRCOBR,CRUS,ANHIMI,KLHEDE,KIME,BORO,X-REOF,MOSO,MOSP,CASY,DITA/,MORA3,KIKO,MORA4,STOCSE,VIKA,SHKOUT,CRWA,CACLON,BOSU,MORC,KILI,IMINDE,DACESP,THISOF,MYLIPO,.HPA4:,GARAIN,MOBEAN,AGOLI,ROTWTO,BOTO,CRWO,NAWA,MOTA,ZETSNO,ZUFI2,KUBOPU,INSE20,JAPAWO,EYAN,00TONE,PAHINO,CRCHIN,TOWAWA,WIWESH,VIPO,64DEHA,EASPGR,PR&PR,TOULSU,KIPI,J.PRSO,ALTR,BOWO,SPBETH,LICRTR,INTHGR,CUSUOF,L.NOTH,VIRA,VADRBH,KISP,HOINOF,JUULST,WAONAG,INTHHU,ALBEGU,AQBYDS,BLSORE,FAFUWI,BRAGTR,MASHTR,BASPDI,MESL7,MESL3,THIDDE,ATSHAL,PHCR,ANEBE,TOSHLO,NIWADA,KABUPO,HIOBMY,VITE,MYLISI,DRMA64,SPSHLE,BODARO,MOKOTO,CALEOF,PA3,VISO,THDESH,CSCRSC,DEAT,PAFAGO,DEAR,TAPAON,BAKYLE,VISP,DEAD,KITHDN,MOKOUN,FRTHAB,SUNI5,MOKOSP,BASPHE,RORA64,THGODO,SUNI2,THFLBE,TEBAKO,FRTHBI,UFTA,GUORSH,GAK:WO,FAMINA,KIHECH,EIDESO,THAMRA,VIZRE,CRTIAU,DROFTH,PHDU,WOCHRU,POTHNE,DECR,EIDETA,HADACO,WOCHSP,NEDRTA,MYPECH,HOINTH,MOKOSE,DECH,TOGEHY,BIKIOF,KITI'N,EYGR,MEZEMI,DONEJI,GO00,THGOBL,MAKACL,REGRAM,PECACL,MEBL+,UNIITH,ZEDI,DEDI,MESLX,DEDE,ROSA3,DONEKO,DEFA,SEKABO,MAKADS,ILOBE,UFTR,MAKADO,SEKABU,DEEX,ROSA2,RORA3D,PLCHHO,KAKODS,VIZO,HYYAKA,DEGA,WICLMI,JEFOGE,KATHWO,HAYOLI,DEFE,G-WEOF,NATHBR,F/SUHO,POPLVE,NIHETH,KIZO,EYKI,POTHBE,MAKA64,FRTHGR,ANCLUL,CAPAAD,FAMIBA,ANBIRI,INTHAL,WALECL,RUVIWA,ATPOPR,IRNOSE,POMU13,POMU12,DIGUPA,POMU14,DEHU,VIFI3T,CO3:DE,MYTA2:,AMBOWO,GUORMI,DYTA2,VIFI4:,PA13SU,PI3,HIPEIN,NE3-~K,BASPKI,PDULBA,PEALAN,FAMICL,THSI4,SQTA,TRCYAD,SPREPA,MRBEWA,FAMIDI,DEKI,SASPTE,AMCR,UCNO3,EVTHLO,HADAKO,MOKOKO,KAMUBA,FAFUSP,EYPL,BIICPA,DEJR,TOSHAR,PRMAYU,FAMIGA,PAPOPA,AN17DA,RO64,DELI,NIARCL,XBLIAR,PECRMO,DELA,ODDATH,NEN-DO,OPABNE,ADWADU,NEN-EL,GERYRO,ADWADA,ESFRBU,YSI&,KISENA,MOKOII,OLSOAT,JUENEN,DEMA,ZO10FI,SHCHLA,THDEOF,ETODV,OVMI,PEMOHO,FAMIHI,FRTHON,SOCOSC,NEPEAD,SUPRME,PI3D,DRBAEV,ZEOC,XGEXG-,ETOD2,PECAPL,DRBADA,TALEPO,MASHDE,DAJITO,YAWIBI,FAFUFO,RO99,POXDGA,AMIS,NAMU64,4XEV,ARMAME,GOGOAC,PI64,DICIMA,TUB1,STBOJU,AMOUUL,POHESO,3DBA,POARAC,PEDUSH,DERA,DRBAFU,TRBUTO,SONOTS,HETHFA,DEJRRO,DESO,FAPAFI,WICLQU,MAUNNO,ZABEEL,FI&ST,SWHOCO,SEKAOR,ZHPE2:,DRBAAD,DETR,WICLRO,RERA2N,KASEGO,DETH,SUPRPE,FAPRFI,ISRERY,WHALTS,RA2:RE,ZERA,ILOPU,RERA1S,NC3D,YSSE,BUBU&,KUFIME,FAMIAD,SUPAMA,RIRAV,OLHO98,ETODUN,FRTHTU,NFQBCL,RIRA2,SADEAM,GETOSE,RIRA7,RIRA6,ROGADI,TAOFA,HACO,ROTY3:,BUQUTV,SPATOF,TWSYKI,ROAW,MAACFR,ROAT,CSUN,HADE,DERICH,ROTY2:,POEMVE,NBSH,FAPA90,AN22,AN20,HACA,ALLAIN,S.CAOF,SABO,SABL,CAPA20,ONPISU,NIIIEQ,GODE,INSEOF,GODO,SAKIGI,MAPOTE,OUKARO,HADS,TOFRPA,BIHAAN,INTHSE,KIARII,OFROCH,MUMUPO,BA&RO,FLCA,HAGR,AICILE,GARA(J,CRLABO,PA14FU,SAGO,GOFO,DEJRII,GARA(P,FLCR,TO3(SA,DAJIGE,DATWED,SWTALI,FOFRSP,GOEA,3DLE,HETHLE,BUQUWO,SAFR,DETODE,GOHA,DRBAKA,INSESO,N3NINI,DACUTE,HAHO,R-CO,K-AFSC,ADWA2:,GOGE,RICISO,THGO(O,RICISU,INHEVE,ROGA,FLDR,M&BEPA,R-DE,HOMIDE,DYWAVS,CILIWO,BLROVA,KISHFA,EIDS,DESPFR,HALI,AMWO,THWO10,STOFDE,THOFWA,O.ESOR,ACCO04,DACHTH,MAOPPE,PRCUAL,TAOPMI,R-FI,NITEUM,GOCRBO,GOISSE,AGAOF,MLINPI,TE2+,ACCO3:,DESPDS,WWWR20,WWWR21,SAMO,IDOU,GOIC2:,HAMA,PIDS,PETRMA,ILOFGA,WALASH,HAMO,PORADO,WHCOJA,OFDR,HATOOT,RESTDS,TE3X,KIGEHA,TUTR,HAPO,COPRSO,USTOPU,PEHORA,JIWIWO,NEPROF,ZOBALE,GIMALI,DAMEOF,SLDUYO,DEJO2,CLTOTH,UNLEDA,DETSDE,BLROPR,TUSL,EUUNII,OOFUHO,NIWOCU,DI10DA,GAGOKA,COPAPH,ELNOAT,ROPI,KACHPR,ROPE,SEBAX,X-MUAC,UNLEBR,ROPR,D.IIP.,BIBAWO,PORAGU,SOOTNO,KIIKNO,MIKEGU,SAPO,FA20-,SEBA4,GOPA,ROMCFI,GAGOKI,SASK,FRGRAD,HATA,SASP,DYWANE,KISHNO,SASU,GOSI,ANBI,SARO,HASH,MOSUZ,PACHCO,WAIIRE,BLBR20,SASA,DIFODI,TOKANO,THANFR,ANCR,STSATR,PETRWA,ITST2:,NFST3,ML2KFA,UN/SK,MO1RA,ANDU,POFODU,NCGA,WAIITI,THPIOF,KOTHAN,ROTYGO,DIDICA,SOTSDS,ACCO5:,SLDUSD,SAWU,PIPE,NARP3:,PIPA,REBAIN,COMISH,PIPL,GAOFLO,HAWA,BLROYO,A-6,MAGHTO,SADEKY,GOVA,WRANSP,FAFRMA,SAWE,WRANSU,PIRE,ELORMA,ANGE,HAZU,BOBOOU,SAZE,GAGOTO,ACCO6:,HINOGO,NARP2:,PUDEHA,POYESP,BLHAYA,RUROXX,ALPOBU,BU'NJU,GLOFHE,ANII,HIVEMO,PITY,FAFRAN,JEGRRA,SISC2:,H2FOIN,TOHIBA,PORAS.,TRBEWA,THOFFA,OUVORE,PORASH,THIDSP,SASAHA,THIDSH,TEAX,TRREKI,CHJIGA,CRSHVA,SMPRLE,MEMAX3,MEMAX2,TEBE,SAHAHA,MEMAX8,MEMAX5,MEMAX7,MEMAX6,CRGESA,ZUFIRU,SECLCO,KIRETO,CRSHUC,VAISBE,CLTOII,TEAD,ATSHPL,POPLPO,TAABR,FAK.PA,JAX:CO,DIDIKI,PININA,SSBL,TRSI20,TEDE,VIBORE,DETS5:,BA21,BAWOKR,BA20,SPSQ/,TRGUCO,CHMASE,TAFEFI,CRSHSH,IND:EX,COPABO,BA19,UNLETH,SAOFDE,ANNA,ANPA,KOSELO,PORAWI,GUORAO,ETDASA,TEEV,FRDIFR,MA30,99NONA,PACHSE,TEDX,TOKACH,HBBO,TEDS,NOAM(3,RPTSDS,POFOHO,STDETH,IND:ST,ANRA,ITSTDS,IND:SP,MEMARE,ILST19,ROTHRA,ST(2,TESTAS,POSUMY,MITOIS,THIDMU,WHDII,THIDLI,MITOKI,HAHE2,YUULMA,MIGIFE,JUFL2,PODIPE,THHAHE,TOGERP,TOGERO,KLBEVO,SHSI20,QUPRVA,FLULPI,COPAMA,RAPACO,NEMIMA,THFLBI,KIEPYA,GEPRYA,ANTR,X3TEWA,GIBAOK,SOTS20,HSHY,MEMAPO,YOONMT,NBCO20,TOREPA,FIFAX/,TEMASE,THGOMO,TOGEOV,BULIOF,HIPA*,THIDPL,PORANI,D.IIDA,ROTYWO,PORO2,KIKAKO,THIDON,SOTAST,TARIV,KOARCL,OUKOHO,HATOIK,MAKA8,MAKA7,RUOFRO,CLTO3,MEMASO,MYJACO,RA3,AKNOAM,ROSEPH,BABATR,EJCL,FODIDS,CINOUS,SHREHA,SUAGO,WWWRTH,TEPL,POSTCO,SIMAPA,SIBAPL,DITHEM,CUBEBA,MEMAII,SEPATY,UNREOF,ULNERE,THMASC,MAQUTO,PRPIBI,WOHEAN,SOBOFI,PRHAKA,RTRERO,TOCLCL,TVSU,INFRBE,ACLIMA,MUMARO,AMBACH,BAGOCI,THMAQU,RE2,RE3,GITE99,NATESM,GADEEA,DO&KA,RPMA,THSTCO,CRSHDE,JAWITH,JACOST,R/STCO,DRDUSA,JAWITR,REX,WWWRXI,MYP.-,OTNORE,TETO,MEMAMA,MAAC,EMATTH,THLOVI,BRAS,ARTHOR,KEKIJI,CUDS,CUDR,BRCH,SNAROF,NUNOMA,DRQUI,WWWRX8,HIVEBO,PIIILO,MEMANE,BAAD,CATOMA,OUUNAF,MABO,SIMAIN,GE64EN,OUUNAL,DRQU&,BABR,MACA,MRDO,GAALWA,SEMIKA,MRDR,BABL,BABI,MAMIMA,MACH,SUDRBA,PATHPI,AKIRNI,SHSIEX,AGWAF-,TEUN,DITHJU,SATEAN,ST64,BACH,LIDEPA,MADS,ACCOZE,SUBLBA,BRFO,AWSHDU,WOBL,SAHASH,THLOJO,ST96,BAHAOF,YSVILA,FASI15,CHMAHA,RUFA4,NOCATA,KEOURE,UNATWA,MACO,MACU,KANIJO,CRSHOB,SAWA1,AIQ,KLEMOF,SAWA3,BAEX,GADEOF,ZIO'IN,MADE,R.PR,GUFR&,STBAHE,ECANRU,WRWORA,DASEVI,JEBEBA,GUFRV,ARTHNA,BRHE,PRSAET,FUFLDI,GREDBL,BAFI,GYSA2,GYSA3,BRIV,GEONDA,MEBRBO,HITORE,CHMADS,RUFAA,RAWEFI,MAPAIS,DRKISH,NEINST,SHJOGY,MAQUMY,MAFO,SUCOII,VIBOIP,AM2,CATOTR,AM3,CUMO,BAHU,NEINTR,REOFLO,WO4:MA,STLOKA,HEBA2,TEKNBR,SOBOSH,THBAOF,SMGIPA,COLEOF,THMAOF,LESI20,MAHE,CUNI,YOSHFE,BIMAAD,SMGIPL,ROX,SOBORI,CVCAVO,WOFA,STBALI,ESTHEM,M&SHSH,JANOHO,PAHEWA,GADEHA,POBARE,ACCOX:,NBLI98,NBLI97,NBLI96,GAGO2:,DITHTI,BEDOFI,BRAIRA,LOHO,MADOMC,MEMADR,GAGO3:,SUCOFO,ACLIOU,SIHU5:,CHOFTH,LOKI,NOAMIR,SISTSA,SE2:PE,SPMYME,USTOCR,BLROEX,TERAHA,CHMA03,MAMO,JOOPCO,7ROA,GLDEFO,DICH'N,NOAMII,NIGADR,BIBAMI,LOHE2,BALO'9,DIARAC,STOFSW,MCEVPR,IHEGE,STBA,CHEZWA,RAHITO,DABUCH,NUST,GADETE,BRPO,GIRPCI,DIWO2,PROFST,YUSH,KINIIN,CUSA,LOLI,NETOLE,ILSTFO,TEGAGE,MAPAAD,OSMALO,STDI,BAOFPR,THWOEN,NIGAII,COADTH,PAWAII,LOPL,STCH,BARO,BARI,PETRCO,DSBITR,MAPI,BARA,MAPL,PRANMO,LOOD,SCBL,LOLISC,BASP,STFI,LOQU,BASO,PO/AS,ILSTCL,MAPADS,BIBAFI,GRNORA,STFO,CE/BR,PROFWA,ESFOCO,CHMA20,STGA,WOPA,NABRMY,JIOSPA,THLOCH,TEELGA,ULGARO,AMTEKI,TR3:GO,SHCH¡A,WIFIU,MEOFVA,DELIVE,ISPREV,BRVO,C:THCO,WOSO,MAVA,STGL,MATA,WORE,TOMYKA,STGP,BAVI,BABA20,WORA,MRMUCH,LOLIWI,WOVOCH,GASAHE,JETIDE,STKA,BLOFBA,GRNOME,PEHOCL,TE*SE,JIPE,BAWA,BLOFBL,NEOPTO,STKI,MEOFSO,RA(2,DENOYU,SAFR2,ACCOJO,TESUBO,PA&GA,TWMA,WAOR&,POTWRA,SCHI,TWME,LACRTO,AIMYNO,SPVSSP,ESGAPA,KOTH8T,BLROII,GRNOKA,REROFI,YUTHDU,SIBATO,MIAWNO,GUGEX,CRCIMA,CADRX,IRSO3,SOTSTO,STLI,YUTHDA,STLE,MEMA64,HOREMO,ORKADA,ZHBA,ADGUHE,KUPH&,ESGROU,AGSERE,STOC,BOCAAC,DASEBO,SKCIHE,DIIIFL,FAREBE,ENOFNA,SISCCO,NIGABL,NABATO,MEMA4:,MI/SU,SHHINO,CHMA99,TRAU/,BISTBO,SPVSTH,YUTHFA","1"
"TE","380"
"MXVSAT,CO&CO","361"
"SDGUG","360"
"JABO00,MA,RA,ST,ROOFTH,TANOTA,DEORAL","324"
"RA&CL","306"
"SP,WOSOWI","289"
"CO,FISO20,NBLI20","256"
"DA","240"
"NASHUL,BL,DR,NH20,KUFUPA,MASUHE,DISIIT","225"
"LEHAPO","210"
"POPRKU,HIPAKO,ALBA20,GR,PA,THADOF,NONOYA,DOTHEX,THWADE,THCHOF,THAMSP,CADAHU","196"
"LEINJO,RI,BANFFO,STWABA,PIOFTH,WOCHPO,WOSEOF","169"
"DI,FR,BRINAR,PO,PLVSZO,CLNESE,SUMOBA,NCMAMA,JIPAHI,NCFO20,MAULAL,HATONO,PA&CL","144"
"WW2K","140"
"FOMA20","132"
"TENOOJ,CH,CR,GU,SI,THFAOD,TYTHTA,AVTHLA,LIPESH,MOHUFR,GOOFWA,KISEGU,EADEFO,FINIRO,MEMABA,FASI20,HAMIPR","121"
"THELSC","120"
"COMCRA","110"
