DBpedia_Video_Game_1,Kaggle1_Video_Game_1247,false
DBpedia_Video_Game_3,Kaggle1_Video_Game_5521,false
DBpedia_Video_Game_5,Kaggle1_Video_Game_2625,true
DBpedia_Video_Game_6,Kaggle1_Video_Game_6775,true
DBpedia_Video_Game_7,Kaggle1_Video_Game_9635,false
DBpedia_Video_Game_8,Kaggle1_Video_Game_10835,false
DBpedia_Video_Game_8,Kaggle1_Video_Game_14621,false
DBpedia_Video_Game_8, Kaggle1_Video_Game_1010,true
DBpedia_Video_Game_15,Kaggle1_Video_Game_9805,false
DBpedia_Video_Game_20,Kaggle1_Video_Game_1521,true
DBpedia_Video_Game_23,Kaggle1_Video_Game_3815,true
DBpedia_Video_Game_23,Kaggle1_Video_Game_438,false
DBpedia_Video_Game_23,Kaggle1_Video_Game_12182,false
DBpedia_Video_Game_23,Kaggle1_Video_Game_15341,false
DBpedia_Video_Game_4664,Kaggle1_Video_Game_566,true
DBpedia_Video_Game_4658,Kaggle1_Video_Gae_13395,true
DBpedia_Video_Game_4657,Kaggle1_Video_Game_8495,true
DBpedia_Video_Game_4656,Kaggle1_Video_Game_8459,false
DBpedia_Video_Game_4655,Kaggle1_Video_Game_4166,true
DBpedia_Video_Game_6058,Kaggle1_Video_Game_12797,true
DBpedia_Video_Game_6059,Kaggle1_Video_Game_6721,true
DBpedia_Video_Game_6060,Kaggle1_Video_Game_6723,false
DBpedia_Video_Game_6061,Kaggle1_Video_Game_10189,true
DBpedia_Video_Game_6064,Kaggle1_Video_Game_15634,false
DBpedia_Video_Game_6072,Kaggle1_Video_Game_5094,false
DBpedia_Video_Game_6,Kaggle1_Video_Game_9632,true
DBpedia_Video_Game_8,Kaggle1_Video_Game_1010,true
DBpedia_Video_Game_9,Kaggle1_Video_Game_1012,false
DBpedia_Video_Game_11,Kaggle1_Video_Game_9216,false
DBpedia_Video_Game_11,Kaggle1_Video_Game_11121,false
DBpedia_Video_Game_12,Kaggle1_Video_Game_9217,false
DBpedia_Video_Game_13,Kaggle1_Video_Game_533,true
DBpedia_Video_Game_13,Kaggle1_Video_Game_730,true
DBpedia_Video_Game_13,Kaggle1_Video_Game_2941,true
DBpedia_Video_Game_13,Kaggle1_Video_Game_3099,false
DBpedia_Video_Game_14,Kaggle1_Video_Game_4910,true
DBpedia_Video_Game_14,Kaggle1_Video_Game_3403,false
DBpedia_Video_Game_16,Kaggle1_Video_Game_164,true
DBpedia_Video_Game_16,Kaggle1_Video_Game_216,false
DBpedia_Video_Game_16,Kaggle1_Video_Game_313,false
DBpedia_Video_Game_18,Kaggle1_Video_Game_5825,false
DBpedia_Video_Game_20,Kaggle1_Video_Game_5995,false
DBpedia_Video_Game_20,Kaggle1_Video_Game_6137,false
DBpedia_Video_Game_22,Kaggle1_Video_Game_4097,false
DBpedia_Video_Game_22,Kaggle1_Video_Game_4370,true
DBpedia_Video_Game_22,Kaggle1_Video_Game_5712,false
DBpedia_Video_Game_24,Kaggle1_Video_Game_6015,false
DBpedia_Video_Game_24,Kaggle1_Video_Game_6260,false
DBpedia_Video_Game_25,Kaggle1_Video_Game_11131,false
DBpedia_Video_Game_25,Kaggle1_Video_Game_14278,false
DBpedia_Video_Game_25,Kaggle1_Video_Game_8094,true
DBpedia_Video_Game_26,Kaggle1_Video_Game_12836,true
DBpedia_Video_Game_26,Kaggle1_Video_Game_5121,true
DBpedia_Video_Game_26,Kaggle1_Video_Game_6893,true
DBpedia_Video_Game_26,Kaggle1_Video_Game_5120,false
DBpedia_Video_Game_27,Kaggle1_Video_Game_12625,false
DBpedia_Video_Game_29,Kaggle1_Video_Game_3502,true
DBpedia_Video_Game_29,Kaggle1_Video_Game_3503,false
DBpedia_Video_Game_29,Kaggle1_Video_Game_8947,false
DBpedia_Video_Game_30,Kaggle1_Video_Game_8948,false
DBpedia_Video_Game_30,Kaggle1_Video_Game_10536,false
DBpedia_Video_Game_30,Kaggle1_Video_Game_10734,false
DBpedia_Video_Game_30,Kaggle1_Video_Game_12003,true
DBpedia_Video_Game_31,Kaggle1_Video_Game_9762,false
DBpedia_Video_Game_32,Kaggle1_Video_Game_4893,false
DBpedia_Video_Game_33,Kaggle1_Video_Game_1177,true
DBpedia_Video_Game_33,Kaggle1_Video_Game_1178,false
DBpedia_Video_Game_35,Kaggle1_Video_Game_1430,false
DBpedia_Video_Game_35,Kaggle1_Video_Game_5228,false
DBpedia_Video_Game_36,Kaggle1_Video_Game_727,true
DBpedia_Video_Game_36,Kaggle1_Video_Game_776,false
DBpedia_Video_Game_37,Kaggle1_Video_Game_7384,false
DBpedia_Video_Game_39,Kaggle1_Video_Game_12473,true
DBpedia_Video_Game_39,Kaggle1_Video_Game_3674,false
DBpedia_Video_Game_40,Kaggle1_Video_Game_2949,false
DBpedia_Video_Game_40,Kaggle1_Video_Game_4821,true
DBpedia_Video_Game_40,Kaggle1_Video_Game_2003,true
DBpedia_Video_Game_41,Kaggle1_Video_Game_3206,false
DBpedia_Video_Game_41,Kaggle1_Video_Game_5432,false
DBpedia_Video_Game_41,Kaggle1_Video_Game_6219,false
DBpedia_Video_Game_42,Kaggle1_Video_Game_6752,false
DBpedia_Video_Game_42,Kaggle1_Video_Game_7725,false
DBpedia_Video_Game_43,Kaggle1_Video_Game_8257,true
DBpedia_Video_Game_49,Kaggle1_Video_Game_505,false
DBpedia_Video_Game_49,Kaggle1_Video_Game_4227,true
DBpedia_Video_Game_49,Kaggle1_Video_Game_5964,false
DBpedia_Video_Game_50,Kaggle1_Video_Game_627,true
DBpedia_Video_Game_50,Kaggle1_Video_Game_2339,true
DBpedia_Video_Game_50,Kaggle1_Video_Game_6931,false
DBpedia_Video_Game_50,Kaggle1_Video_Game_8111,false
DBpedia_Video_Game_51,Kaggle1_Video_Game_12503,true
DBpedia_Video_Game_51,Kaggle1_Video_Game_2857,true
DBpedia_Video_Game_51,Kaggle1_Video_Game_3411,true
DBpedia_Video_Game_51,Kaggle1_Video_Game_5524,false
DBpedia_Video_Game_52,Kaggle1_Video_Game_7355,false
DBpedia_Video_Game_52,Kaggle1_Video_Game_8054,false
DBpedia_Video_Game_52,Kaggle1_Video_Game_830,false
DBpedia_Video_Game_54,Kaggle1_Video_Game_2112,false
DBpedia_Video_Game_55,Kaggle1_Video_Game_2154,false
DBpedia_Video_Game_56,Kaggle1_Video_Game_2155,false
DBpedia_Video_Game_57,Kaggle1_Video_Game_2157,false
DBpedia_Video_Game_58,Kaggle1_Video_Game_2821,false
DBpedia_Video_Game_59,Kaggle1_Video_Game_3386,false
DBpedia_Video_Game_60,Kaggle1_Video_Game_15241,false
DBpedia_Video_Game_62,Kaggle1_Video_Game_6443,false
DBpedia_Video_Game_63,Kaggle1_Video_Game_12386,false
DBpedia_Video_Game_64,Kaggle1_Video_Game_2773,false
DBpedia_Video_Game_64,Kaggle1_Video_Game_14300,false
DBpedia_Video_Game_64,Kaggle1_Video_Game_16406,false
DBpedia_Video_Game_65,Kaggle1_Video_Game_14861,false
DBpedia_Video_Game_65,Kaggle1_Video_Game_2967,false
DBpedia_Video_Game_1902,Kaggle1_Video_Game_3787,false
DBpedia_Video_Game_1904,Kaggle1_Video_Game_13053,false
DBpedia_Video_Game_1906,Kaggle1_Video_Game_13054,false
DBpedia_Video_Game_1907,Kaggle1_Video_Game_13055,false
DBpedia_Video_Game_1908,Kaggle1_Video_Game_2789,true
DBpedia_Video_Game_1908,Kaggle1_Video_Game_2915,false
DBpedia_Video_Game_1909,Kaggle1_Video_Game_5814,true
DBpedia_Video_Game_1909,Kaggle1_Video_Game_12344,false
DBpedia_Video_Game_1919,Kaggle1_Video_Game_3559,true
DBpedia_Video_Game_1919,Kaggle1_Video_Game_8940,true
DBpedia_Video_Game_1919,Kaggle1_Video_Game_9373,false
DBpedia_Video_Game_1920,Kaggle1_Video_Game_4548,false
DBpedia_Video_Game_1920,Kaggle1_Video_Game_12538,false
DBpedia_Video_Game_1921,Kaggle1_Video_Game_14095,false
DBpedia_Video_Game_1930,Kaggle1_Video_Game_14096,false
DBpedia_Video_Game_1931,Kaggle1_Video_Game_14097,false
DBpedia_Video_Game_1934,Kaggle1_Video_Game_14059,false
DBpedia_Video_Game_1937,Kaggle1_Video_Game_4579,true
DBpedia_Video_Game_1937,Kaggle1_Video_Game_5012,ture
DBpedia_Video_Game_1937,Kaggle1_Video_Game_5939,false
DBpedia_Video_Game_1937,Kaggle1_Video_Game_6719,false
DBpedia_Video_Game_1939,Kaggle1_Video_Game_5012,true
DBpedia_Video_Game_1939,Kaggle1_Video_Game_5939,false
DBpedia_Video_Game_1947,Kaggle1_Video_Game_9607,true
DBpedia_Video_Game_1947,Kaggle1_Video_Game_14670,true
DBpedia_Video_Game_1947,Kaggle1_Video_Game_14956,true
DBpedia_Video_Game_1950,Kaggle1_Video_Game_5094,true
DBpedia_Video_Game_1950,Kaggle1_Video_Game_5180,false
DBpedia_Video_Game_1950,Kaggle1_Video_Game_11512,false
DBpedia_Video_Game_1951,Kaggle1_Video_Game_2997,false
DBpedia_Video_Game_1952,Kaggle1_Video_Game_3610,true
DBpedia_Video_Game_1952,Kaggle1_Video_Game_4050,true
DBpedia_Video_Game_1952,Kaggle1_Video_Game_5258,true
DBpedia_Video_Game_1954,Kaggle1_Video_Game_80,true
DBpedia_Video_Game_1954,Kaggle1_Video_Game_1016,false
DBpedia_Video_Game_1955,Kaggle1_Video_Game_6529,true
DBpedia_Video_Game_1956,Kaggle1_Video_Game_440,true
DBpedia_Video_Game_1965,Kaggle1_Video_Game_7905,true
DBpedia_Video_Game_1965,Kaggle1_Video_Game_7910,false
DBpedia_Video_Game_1965,Kaggle1_Video_Game_8272,false
DBpedia_Video_Game_1969,Kaggle1_Video_Game_8273,false
DBpedia_Video_Game_1971,Kaggle1_Video_Game_8978,false
DBpedia_Video_Game_1973,Kaggle1_Video_Game_13452,false
DBpedia_Video_Game_1975,Kaggle1_Video_Game_12114,true
DBpedia_Video_Game_1979,Kaggle1_Video_Game_15539,true
DBpedia_Video_Game_1980,Kaggle1_Video_Game_3408,true
DBpedia_Video_Game_1980,Kaggle1_Video_Game_12038,true
DBpedia_Video_Game_1986,Kaggle1_Video_Game_3967,false
DBpedia_Video_Game_1988,Kaggle1_Video_Game_13884,false
DBpedia_Video_Game_1989,Kaggle1_Video_Game_14715,true
DBpedia_Video_Game_1989,Kaggle1_Video_Game_14721,false
DBpedia_Video_Game_1989,Kaggle1_Video_Game_14715,true
DBpedia_Video_Game_1990,Kaggle1_Video_Game_6978,true
DBpedia_Video_Game_1990,Kaggle1_Video_Game_7933,false
DBpedia_Video_Game_1992,Kaggle1_Video_Game_13611,true
DBpedia_Video_Game_1992,Kaggle1_Video_Game_14768,true
DBpedia_Video_Game_1993,Kaggle1_Video_Game_14769,false
DBpedia_Video_Game_1994,Kaggle1_Video_Game_5617,false
DBpedia_Video_Game_1995,Kaggle1_Video_Game_6476,false
DBpedia_Video_Game_3390,Kaggle1_Video_Game_134,false
DBpedia_Video_Game_3390,Kaggle1_Video_Game_340,false
DBpedia_Video_Game_3392,Kaggle1_Video_Game_949,true
DBpedia_Video_Game_3395,Kaggle1_Video_Game_1024,true
DBpedia_Video_Game_3395,Kaggle1_Video_Game_2600,true
DBpedia_Video_Game_3395,Kaggle1_Video_Game_3761,false
DBpedia_Video_Game_3713,Kaggle1_Video_Game_2171,true
DBpedia_Video_Game_3713,Kaggle1_Video_Game_3014,false
DBpedia_Video_Game_3721,Kaggle1_Video_Game_10498,false
DBpedia_Video_Game_3722,Kaggle1_Video_Game_11099,false
DBpedia_Video_Game_3722,Kaggle1_Video_Game_13770,false
DBpedia_Video_Game_3728,Kaggle1_Video_Game_13772,false
DBpedia_Video_Game_3730,Kaggle1_Video_Game_116,false
DBpedia_Video_Game_3730,Kaggle1_Video_Game_170,true
DBpedia_Video_Game_3732,Kaggle1_Video_Game_3615,true
DBpedia_Video_Game_3732,Kaggle1_Video_Game_9459,true
DBpedia_Video_Game_3734,Kaggle1_Video_Game_9949,false
DBpedia_Video_Game_3735,Kaggle1_Video_Game_10122,false
DBpedia_Video_Game_3735,Kaggle1_Video_Game_10188,false
DBpedia_Video_Game_3736,Kaggle1_Video_Game_12963,true
DBpedia_Video_Game_3737,Kaggle1_Video_Game_13298,true
DBpedia_Video_Game_3737,Kaggle1_Video_Game_13716,false
DBpedia_Video_Game_3737,Kaggle1_Video_Game_1708,true
DBpedia_Video_Game_3941,Kaggle1_Video_Game_12568,true
DBpedia_Video_Game_3952,Kaggle1_Video_Game_1095,false
DBpedia_Video_Game_3952,Kaggle1_Video_Game_1288,true
DBpedia_Video_Game_3972,Kaggle1_Video_Game_1294,false
DBpedia_Video_Game_3975,Kaggle1_Video_Game_1331,false
DBpedia_Video_Game_3987,Kaggle1_Video_Game_15342,true
DBpedia_Video_Game_3989,Kaggle1_Video_Game_14026,true
DBpedia_Video_Game_3993,Kaggle1_Video_Game_14028,false
DBpedia_Video_Game_3993,Kaggle1_Video_Game_15715,false
DBpedia_Video_Game_3999,Kaggle1_Video_Game_8504,true
DBpedia_Video_Game_4000,Kaggle1_Video_Game_8509,false
DBpedia_Video_Game_4076,Kaggle1_Video_Game_9387,false
DBpedia_Video_Game_4076,Kaggle1_Video_Game_280,false
DBpedia_Video_Game_4076,Kaggle1_Video_Game_12024,false
DBpedia_Video_Game_4079,Kaggle1_Video_Game_3887,false
DBpedia_Video_Game_4079,Kaggle1_Video_Game_7855,true
DBpedia_Video_Game_4081,Kaggle1_Video_Game_9393,false
DBpedia_Video_Game_4100,Kaggle1_Video_Game_9397,false
DBpedia_Video_Game_4410,Kaggle1_Video_Game_9712,false
DBpedia_Video_Game_4410,Kaggle1_Video_Game_9715,false
DBpedia_Video_Game_4412,Kaggle1_Video_Game_5132,true
DBpedia_Video_Game_4412,Kaggle1_Video_Game_9670,true
DBpedia_Video_Game_4412,Kaggle1_Video_Game_14403,true
DBpedia_Video_Game_4412,Kaggle1_Video_Game_15195,false
DBpedia_Video_Game_4441,Kaggle1_Video_Game_94,false
DBpedia_Video_Game_4449,Kaggle1_Video_Game_3739,false
DBpedia_Video_Game_4449,Kaggle1_Video_Game_5454,true
DBpedia_Video_Game_4468,Kaggle1_Video_Game_6848,false
DBpedia_Video_Game_4468,Kaggle1_Video_Game_957,false
DBpedia_Video_Game_4479,Kaggle1_Video_Game_6360,true
DBpedia_Video_Game_4480,Kaggle1_Video_Game_6519,false
DBpedia_Video_Game_4480,Kaggle1_Video_Game_13249,true
DBpedia_Video_Game_4486,Kaggle1_Video_Game_14483,false
DBpedia_Video_Game_4488,Kaggle1_Video_Game_15066,false
DBpedia_Video_Game_4494,Kaggle1_Video_Game_15067,false
DBpedia_Video_Game_4495,Kaggle1_Video_Game_16656,true
DBpedia_Video_Game_4495,Kaggle1_Video_Game_7781,true
DBpedia_Video_Game_4497,Kaggle1_Video_Game_4126,false
DBpedia_Video_Game_4509,Kaggle1_Video_Game_4127,false
DBpedia_Video_Game_4516,Kaggle1_Video_Game_7480,false
DBpedia_Video_Game_4516,Kaggle1_Video_Game_12870,true
DBpedia_Video_Game_4516,Kaggle1_Video_Game_15831,true
DBpedia_Video_Game_4516,Kaggle1_Video_Game_1196,false
DBpedia_Video_Game_5778,Kaggle1_Video_Game_1200,false
DBpedia_Video_Game_6146,Kaggle1_Video_Game_1209,false
DBpedia_Video_Game_6164,Kaggle1_Video_Game_8220,true
DBpedia_Video_Game_6164,Kaggle1_Video_Game_13429,true
DBpedia_Video_Game_6182,Kaggle1_Video_Game_13434,false
DBpedia_Video_Game_6182,Kaggle1_Video_Game_14177,false
DBpedia_Video_Game_6271,Kaggle1_Video_Game_15696,false
DBpedia_Video_Game_2380,Kaggle1_Video_Game_15696,true
DBpedia_Video_Game_6526,Kaggle1_Video_Game_15686,false
DBpedia_Video_Game_1725,Kaggle1_Video_Game_15684,true
DBpedia_Video_Game_2879,Kaggle1_Video_Game_15674,false
DBpedia_Video_Game_2881,Kaggle1_Video_Game_15673,false
DBpedia_Video_Game_2881,Kaggle1_Video_Game_7275,false
DBpedia_Video_Game_2881,Kaggle1_Video_Game_7943,true
DBpedia_Video_Game_39,Kaggle1_Video_Game_7940,false
DBpedia_Video_Game_7896,Kaggle1_Video_Game_8201,true
DBpedia_Video_Game_7896,Kaggle1_Video_Game_469,false
DBpedia_Video_Game_7917,Kaggle1_Video_Game_1757,false
DBpedia_Video_Game_7917,Kaggle1_Video_Game_2471,false
DBpedia_Video_Game_7917,Kaggle1_Video_Game_11497,true
DBpedia_Video_Game_7919,Kaggle1_Video_Game_11499,false
DBpedia_Video_Game_7922,Kaggle1_Video_Game_11506,false
DBpedia_Video_Game_7926,Kaggle1_Video_Game_762,false
DBpedia_Video_Game_7926,Kaggle1_Video_Game_1300,false
DBpedia_Video_Game_7926,Kaggle1_Video_Game_3281,true
DBpedia_Video_Game_7932,Kaggle1_Video_Game_3769,false
DBpedia_Video_Game_7935,Kaggle1_Video_Game_3837,false
DBpedia_Video_Game_7935,Kaggle1_Video_Game_4101,false
DBpedia_Video_Game_7935,Kaggle1_Video_Game_4299,false
DBpedia_Video_Game_7935,Kaggle1_Video_Game_5517,true
DBpedia_Video_Game_7937,Kaggle1_Video_Game_12900,true
DBpedia_Video_Game_7938,Kaggle1_Video_Game_12901,false
DBpedia_Video_Game_7944,Kaggle1_Video_Game_976,true
DBpedia_Video_Game_7949,Kaggle1_Video_Game_1436,false
DBpedia_Video_Game_7949,Kaggle1_Video_Game_2019,true
DBpedia_Video_Game_7952,Kaggle1_Video_Game_2020,false
DBpedia_Video_Game_7954,Kaggle1_Video_Game_2021,false
DBpedia_Video_Game_7957,Kaggle1_Video_Game_13051,false
DBpedia_Video_Game_7962,Kaggle1_Video_Game_969,false
DBpedia_Video_Game_7960,Kaggle1_Video_Game_969,false
DBpedia_Video_Game_7968,Kaggle1_Video_Game_12501,true
DBpedia_Video_Game_7969,Kaggle1_Video_Game_5430,false
DBpedia_Video_Game_7970,Kaggle1_Video_Game_5431,false
DBpedia_Video_Game_7971,Kaggle1_Video_Game_5433,false
DBpedia_Video_Game_7974,Kaggle1_Video_Game_5436,false
DBpedia_Video_Game_7976,Kaggle1_Video_Game_243,true
DBpedia_Video_Game_7978,Kaggle1_Video_Game_5159,true
DBpedia_Video_Game_7980,Kaggle1_Video_Game_8709,false
DBpedia_Video_Game_7980,Kaggle1_Video_Game_13738,false
DBpedia_Video_Game_7981,Kaggle1_Video_Game_1231,false
DBpedia_Video_Game_7983,Kaggle1_Video_Game_2046,false
DBpedia_Video_Game_7984,Kaggle1_Video_Game_2047,false
DBpedia_Video_Game_7985,Kaggle1_Video_Game_2048,false
DBpedia_Video_Game_7993,Kaggle1_Video_Game_2063,false
DBpedia_Video_Game_7994,Kaggle1_Video_Game_2065,false
DBpedia_Video_Game_7998,Kaggle1_Video_Game_5649,true
DBpedia_Video_Game_8000,Kaggle1_Video_Game_3540,false
DBpedia_Video_Game_8000,Kaggle1_Video_Game_6305,true
DBpedia_Video_Game_8001,Kaggle1_Video_Game_4487,true
DBpedia_Video_Game_8002,Kaggle1_Video_Game_11903,false
DBpedia_Video_Game_8003,Kaggle1_Video_Game_14892,true
DBpedia_Video_Game_8004,Kaggle1_Video_Game_14893,false
DBpedia_Video_Game_4339,Kaggle1_Video_Game_14898,false
DBpedia_Video_Game_4353,Kaggle1_Video_Game_14902,false
DBpedia_Video_Game_4354,Kaggle1_Video_Game_2438,true
DBpedia_Video_Game_4357,Kaggle1_Video_Game_4329,false
DBpedia_Video_Game_4359,Kaggle1_Video_Game_4379,false
DBpedia_Video_Game_4359,Kaggle1_Video_Game_7567,true
DBpedia_Video_Game_4362,Kaggle1_Video_Game_3583,true
DBpedia_Video_Game_4364,Kaggle1_Video_Game_4008,false
DBpedia_Video_Game_4365,Kaggle1_Video_Game_4009,false
DBpedia_Video_Game_4366,Kaggle1_Video_Game_285,true
DBpedia_Video_Game_4367,Kaggle1_Video_Game_286,false
DBpedia_Video_Game_4369,Kaggle1_Video_Game_924,true
DBpedia_Video_Game_4370,Kaggle1_Video_Game_14586,true
DBpedia_Video_Game_4371,Kaggle1_Video_Game_10284,true
DBpedia_Video_Game_4373,Kaggle1_Video_Game_7377,false
DBpedia_Video_Game_4375,Kaggle1_Video_Game_7381,false
DBpedia_Video_Game_4376,Kaggle1_Video_Game_8719,true
DBpedia_Video_Game_4376,Kaggle1_Video_Game_6817,true
DBpedia_Video_Game_4424,Kaggle1_Video_Game_6827,false
DBpedia_Video_Game_4427,Kaggle1_Video_Game_6830,false
DBpedia_Video_Game_4430,Kaggle1_Video_Game_8031,false
DBpedia_Video_Game_4431,Kaggle1_Video_Game_15102,false
DBpedia_Video_Game_4434,Kaggle1_Video_Game_4477,true
DBpedia_Video_Game_4436,Kaggle1_Video_Game_4649,false
DBpedia_Video_Game_4436,Kaggle1_Video_Game_4725,false
DBpedia_Video_Game_4438,Kaggle1_Video_Game_7188,true
DBpedia_Video_Game_1088,Kaggle1_Video_Game_7431,false
DBpedia_Video_Game_1090,Kaggle1_Video_Game_3081,false
DBpedia_Video_Game_1090,Kaggle1_Video_Game_13919,true
DBpedia_Video_Game_1091,Kaggle1_Video_Game_14010,false
DBpedia_Video_Game_1091,Kaggle1_Video_Game_4860,false
DBpedia_Video_Game_1091,Kaggle1_Video_Game_7015,true
DBpedia_Video_Game_1092,Kaggle1_Video_Game_11465,true
DBpedia_Video_Game_1092,Kaggle1_Video_Game_8505,false
DBpedia_Video_Game_1093,Kaggle1_Video_Game_2275,true
DBpedia_Video_Game_1094,Kaggle1_Video_Game_3505,false
DBpedia_Video_Game_1095,Kaggle1_Video_Game_10407,false
DBpedia_Video_Game_1096,Kaggle1_Video_Game_10620,false
DBpedia_Video_Game_1097,Kaggle1_Video_Game_2773,true
DBpedia_Video_Game_1098,Kaggle1_Video_Game_8180,false
DBpedia_Video_Game_1107,Kaggle1_Video_Game_8181,false
DBpedia_Video_Game_1116,Kaggle1_Video_Game_4529,false
DBpedia_Video_Game_1116,Kaggle1_Video_Game_7790,true
DBpedia_Video_Game_1118,Kaggle1_Video_Game_7791,false
DBpedia_Video_Game_1120,Kaggle1_Video_Game_7792,false
DBpedia_Video_Game_1122,Kaggle1_Video_Game_9036,true
DBpedia_Video_Game_1124,Kaggle1_Video_Game_5461,true
DBpedia_Video_Game_1124,Kaggle1_Video_Game_14552,false
DBpedia_Video_Game_1125,Kaggle1_Video_Game_14553,false
DBpedia_Video_Game_1128,Kaggle1_Video_Game_14579,false
DBpedia_Video_Game_1154,Kaggle1_Video_Game_4380,true
DBpedia_Video_Game_1155,Kaggle1_Video_Game_4506,true
DBpedia_Video_Game_1161,Kaggle1_Video_Game_4544,false
DBpedia_Video_Game_6347,Kaggle1_Video_Game_5190,false
DBpedia_Video_Game_6349,Kaggle1_Video_Game_1926,true
DBpedia_Video_Game_6349,Kaggle1_Video_Game_4866,false
DBpedia_Video_Game_6356,Kaggle1_Video_Game_5520,true
DBpedia_Video_Game_6356,Kaggle1_Video_Game_1365,true
DBpedia_Video_Game_6361,Kaggle1_Video_Game_19,true
DBpedia_Video_Game_6361,Kaggle1_Video_Game_29,false
DBpedia_Video_Game_6370,Kaggle1_Video_Game_42,false
DBpedia_Video_Game_6375,Kaggle1_Video_Game_4667,false
DBpedia_Video_Game_6375,Kaggle1_Video_Game_7832,true
DBpedia_Video_Game_7535,Kaggle1_Video_Game_7837,false
DBpedia_Video_Game_7546,Kaggle1_Video_Game_8615,false
DBpedia_Video_Game_7550,Kaggle1_Video_Game_8618,false
DBpedia_Video_Game_7553,Kaggle1_Video_Game_8621,false
DBpedia_Video_Game_7555,Kaggle1_Video_Game_9739,true
DBpedia_Video_Game_7557,Kaggle1_Video_Game_6476,true
DBpedia_Video_Game_7557,Kaggle1_Video_Game_6890,false
DBpedia_Video_Game_7561,Kaggle1_Video_Game_11854,true
DBpedia_Video_Game_7561,Kaggle1_Video_Game_12792,false
DBpedia_Video_Game_7563,Kaggle1_Video_Game_12796,false
DBpedia_Video_Game_7566,Kaggle1_Video_Game_8887,true
DBpedia_Video_Game_7570,Kaggle1_Video_Game_8895,false
DBpedia_Video_Game_7571,Kaggle1_Video_Game_8896,false
DBpedia_Video_Game_7572,Kaggle1_Video_Game_8900,false
DBpedia_Video_Game_7576,Kaggle1_Video_Game_8902,false
DBpedia_Video_Game_7580,Kaggle1_Video_Game_8903,false
DBpedia_Video_Game_7581,Kaggle1_Video_Game_8904,false
DBpedia_Video_Game_7585,Kaggle1_Video_Game_64,false
DBpedia_Video_Game_7590,Kaggle1_Video_Game_137,false
DBpedia_Video_Game_7592,Kaggle1_Video_Game_16027,false
DBpedia_Video_Game_7594,Kaggle1_Video_Game_16028,false
DBpedia_Video_Game_7603,Kaggle1_Video_Game_4145,false
DBpedia_Video_Game_7615,Kaggle1_Video_Game_9032,true
DBpedia_Video_Game_7617,Kaggle1_Video_Game_10390,false
DBpedia_Video_Game_7617,Kaggle1_Video_Game_10403,false
DBpedia_Video_Game_7617,Kaggle1_Video_Game_11073,false
DBpedia_Video_Game_7623,Kaggle1_Video_Game_1323,false
DBpedia_Video_Game_7627,Kaggle1_Video_Game_1326,false
DBpedia_Video_Game_7632,Kaggle1_Video_Game_4955,false
DBpedia_Video_Game_7635,Kaggle1_Video_Game_6618,true
DBpedia_Video_Game_7639,Kaggle1_Video_Game_2213,false
DBpedia_Video_Game_7640,Kaggle1_Video_Game_4881,true
DBpedia_Video_Game_7642,Kaggle1_Video_Game_1324,false
DBpedia_Video_Game_8694,Kaggle1_Video_Game_1325,false
DBpedia_Video_Game_6794,Kaggle1_Video_Game_14,true
DBpedia_Video_Game_6793,Kaggle1_Video_Game_2445,false
DBpedia_Video_Game_6791,Kaggle1_Video_Game_11171,false
DBpedia_Video_Game_6789,Kaggle1_Video_Game_8370,true
DBpedia_Video_Game_6789,Kaggle1_Video_Game_8369,false
DBpedia_Video_Game_6786,Kaggle1_Video_Game_14906,false
DBpedia_Video_Game_6783,Kaggle1_Video_Game_6084,false
DBpedia_Video_Game_6783,Kaggle1_Video_Game_9825,true
DBpedia_Video_Game_6779,Kaggle1_Video_Game_10316,true
DBpedia_Video_Game_6776,Kaggle1_Video_Game_13507,false
DBpedia_Video_Game_6776,Kaggle1_Video_Game_15214,false
DBpedia_Video_Game_6776,Kaggle1_Video_Game_2247,false
DBpedia_Video_Game_6776,Kaggle1_Video_Game_3784,true
DBpedia_Video_Game_6774,Kaggle1_Video_Game_13047,false
DBpedia_Video_Game_6772,Kaggle1_Video_Game_3133,true
DBpedia_Video_Game_911,Kaggle1_Video_Game_3375,false
DBpedia_Video_Game_911,Kaggle1_Video_Game_1091,true
DBpedia_Video_Game_911,Kaggle1_Video_Game_14301,false
DBpedia_Video_Game_908,Kaggle1_Video_Game_14300,false
DBpedia_Video_Game_906,Kaggle1_Video_Game_2715,false
DBpedia_Video_Game_905,Kaggle1_Video_Game_2714,false
DBpedia_Video_Game_904,Kaggle1_Video_Game_2713,false
DBpedia_Video_Game_903,Kaggle1_Video_Game_2711,false
DBpedia_Video_Game_900,Kaggle1_Video_Game_2705,false
DBpedia_Video_Game_899,Kaggle1_Video_Game_2704,false
DBpedia_Video_Game_7715,Kaggle1_Video_Game_2704,true
DBpedia_Video_Game_7715,Kaggle1_Video_Game_809,true
DBpedia_Video_Game_340,Kaggle1_Video_Game_1052,false
DBpedia_Video_Game_337,Kaggle1_Video_Game_1051,false
DBpedia_Video_Game_335,Kaggle1_Video_Game_1046,false
DBpedia_Video_Game_329,Kaggle1_Video_Game_1033,false
DBpedia_Video_Game_321,Kaggle1_Video_Game_1028,false
DBpedia_Video_Game_313,Kaggle1_Video_Game_1026,false
DBpedia_Video_Game_308,Kaggle1_Video_Game_1021,false
DBpedia_Video_Game_298,Kaggle1_Video_Game_1015,false
DBpedia_Video_Game_291,Kaggle1_Video_Game_1006,false
DBpedia_Video_Game_290,Kaggle1_Video_Game_1004,false
DBpedia_Video_Game_286,Kaggle1_Video_Game_1001,false
DBpedia_Video_Game_285,Kaggle1_Video_Game_1000,false
DBpedia_Video_Game_283,Kaggle1_Video_Game_997,false
DBpedia_Video_Game_282,Kaggle1_Video_Game_994,false
DBpedia_Video_Game_275,Kaggle1_Video_Game_989,false
DBpedia_Video_Game_270,Kaggle1_Video_Game_988,false
DBpedia_Video_Game_234,Kaggle1_Video_Game_940,false
DBpedia_Video_Game_403,Kaggle1_Video_Game_937,false
DBpedia_Video_Game_450,Kaggle1_Video_Game_11504,false
DBpedia_Video_Game_451,Kaggle1_Video_Game_11505,false
DBpedia_Video_Game_452,Kaggle1_Video_Game_11509,false
DBpedia_Video_Game_455,Kaggle1_Video_Game_11516,false
DBpedia_Video_Game_458,Kaggle1_Video_Game_11519,false
DBpedia_Video_Game_465,Kaggle1_Video_Game_11529,false
DBpedia_Video_Game_474,Kaggle1_Video_Game_11530,false
DBpedia_Video_Game_497,Kaggle1_Video_Game_4142,true
DBpedia_Video_Game_499,Kaggle1_Video_Game_4503,false
DBpedia_Video_Game_582,Kaggle1_Video_Game_5782,false
DBpedia_Video_Game_582,Kaggle1_Video_Game_5917,false
DBpedia_Video_Game_582,Kaggle1_Video_Game_1243,false
DBpedia_Video_Game_587,Kaggle1_Video_Game_1246,false
DBpedia_Video_Game_658,Kaggle1_Video_Game_1246,false
DBpedia_Video_Game_1865,Kaggle1_Video_Game_1246,false
DBpedia_Video_Game_7887,Kaggle1_Video_Game_1654,true
DBpedia_Video_Game_8652,Kaggle1_Video_Game_1773,false
DBpedia_Video_Game_1958,Kaggle1_Video_Game_1041,false
DBpedia_Video_Game_1958,Kaggle1_Video_Game_1246,false
DBpedia_Video_Game_1963,Kaggle1_Video_Game_1297,false
DBpedia_Video_Game_1964,Kaggle1_Video_Game_1304,false
DBpedia_Video_Game_1966,Kaggle1_Video_Game_1310,false
DBpedia_Video_Game_1972,Kaggle1_Video_Game_1313,false
DBpedia_Video_Game_1976,Kaggle1_Video_Game_1314,false
DBpedia_Video_Game_1978,Kaggle1_Video_Game_1315,false
DBpedia_Video_Game_1979,Kaggle1_Video_Game_1318,false
DBpedia_Video_Game_1998,Kaggle1_Video_Game_1321,false
DBpedia_Video_Game_2001,Kaggle1_Video_Game_1330,false
DBpedia_Video_Game_2014,Kaggle1_Video_Game_1335,false
DBpedia_Video_Game_2020,Kaggle1_Video_Game_1336,false
DBpedia_Video_Game_2948,Kaggle1_Video_Game_1337,false
DBpedia_Video_Game_2950,Kaggle1_Video_Game_4953,false
DBpedia_Video_Game_2952,Kaggle1_Video_Game_4954,false
DBpedia_Video_Game_2963,Kaggle1_Video_Game_5795,false
DBpedia_Video_Game_2970,Kaggle1_Video_Game_5804,false
DBpedia_Video_Game_2985,Kaggle1_Video_Game_5975,false
DBpedia_Video_Game_3014,Kaggle1_Video_Game_6030,false
DBpedia_Video_Game_9192,Kaggle1_Video_Game_6036,false
DBpedia_Video_Game_9191,Kaggle1_Video_Game_6035,false
DBpedia_Video_Game_9190,Kaggle1_Video_Game_6033,false
DBpedia_Video_Game_9189,Kaggle1_Video_Game_6032,false
DBpedia_Video_Game_9188,Kaggle1_Video_Game_6031,false
DBpedia_Video_Game_9187,Kaggle1_Video_Game_6030,false
DBpedia_Video_Game_9186,Kaggle1_Video_Game_6029,false
DBpedia_Video_Game_9184,Kaggle1_Video_Game_6024,false
DBpedia_Video_Game_9180,Kaggle1_Video_Game_16719,false
DBpedia_Video_Game_9179,Kaggle1_Video_Game_16718,false
DBpedia_Video_Game_9178,Kaggle1_Video_Game_16700,false
DBpedia_Video_Game_9176,Kaggle1_Video_Game_16698,false
DBpedia_Video_Game_9172,Kaggle1_Video_Game_16697,false
DBpedia_Video_Game_9167,Kaggle1_Video_Game_16693,false
DBpedia_Video_Game_9164,Kaggle1_Video_Game_16689,false
DBpedia_Video_Game_9093,Kaggle1_Video_Game_16680,false
DBpedia_Video_Game_9086,Kaggle1_Video_Game_1717,false
DBpedia_Video_Game_9085,Kaggle1_Video_Game_8447,false
DBpedia_Video_Game_9073,Kaggle1_Video_Game_8437,false
DBpedia_Video_Game_9058,Kaggle1_Video_Game_8412,false
DBpedia_Video_Game_9040,Kaggle1_Video_Game_8399,false
DBpedia_Video_Game_9018,Kaggle1_Video_Game_8395,false
DBpedia_Video_Game_9004,Kaggle1_Video_Game_8385,false
DBpedia_Video_Game_8964,Kaggle1_Video_Game_8345,false
DBpedia_Video_Game_8901,Kaggle1_Video_Game_8336,false
DBpedia_Video_Game_8882,Kaggle1_Video_Game_8314,false
DBpedia_Video_Game_8879,Kaggle1_Video_Game_8299,false
